Socket,Name,Part,IB write (bytes),IB read (bytes),OB read (bytes),OB write (bytes),IOTLB Hit,IOTLB Miss,VT-d CTXT Miss,VT-d L1 Miss,VT-d L2 Miss,VT-d L3 Miss,VT-d Mem Read
Socket0,IIO Stack 0 - CBDMA/DMI,Part0 (1st x16/x8/x4),0,0,0,0,325,46,0,0,0,0,325
Socket0,IIO Stack 0 - CBDMA/DMI,Part1 (2nd x4),0,0,0,0
Socket0,IIO Stack 0 - CBDMA/DMI,Part2 (2nd x8/3rd x4),0,0,0,0
Socket0,IIO Stack 0 - CBDMA/DMI,Part3 (4th x4),0,476279,0,0
Socket0,IIO Stack 1 - PCIe0,Part0 (1st x16/x8/x4),0,0,0,0,0,0,0,0,0,0,0
Socket0,IIO Stack 1 - PCIe0,Part1 (2nd x4),0,0,0,0
Socket0,IIO Stack 1 - PCIe0,Part2 (2nd x8/3rd x4),0,0,0,0
Socket0,IIO Stack 1 - PCIe0,Part3 (4th x4),0,0,0,0
Socket0,IIO Stack 2 - PCIe1,Part0 (1st x16/x8/x4),0,1291906,0,0,20162,0,0,0,0,0,0
Socket0,IIO Stack 2 - PCIe1,Part1 (2nd x4),0,0,0,0
Socket0,IIO Stack 2 - PCIe1,Part2 (2nd x8/3rd x4),0,0,0,0
Socket0,IIO Stack 2 - PCIe1,Part3 (4th x4),0,0,0,0
Socket0,IIO Stack 3 - PCIe2,Part0 (1st x16/x8/x4),0,0,0,0,0,0,0,0,0,0,0
Socket0,IIO Stack 3 - PCIe2,Part1 (2nd x4),0,0,0,0
Socket0,IIO Stack 3 - PCIe2,Part2 (2nd x8/3rd x4),0,0,0,0
Socket0,IIO Stack 3 - PCIe2,Part3 (4th x4),0,0,0,0
Socket0,IIO Stack 4 - MCP0,Part0 (1st x16/x8/x4),0,0,0,0,0,0,0,0,0,0,0
Socket0,IIO Stack 4 - MCP0,Part1 (2nd x4),0,0,0,0
Socket0,IIO Stack 4 - MCP0,Part2 (2nd x8/3rd x4),0,0,0,0
Socket0,IIO Stack 4 - MCP0,Part3 (4th x4),0,0,0,0
Socket0,IIO Stack 5 - MCP1,Part0 (1st x16/x8/x4),0,0,0,0,0,0,0,0,0,0,0
Socket0,IIO Stack 5 - MCP1,Part1 (2nd x4),0,0,0,0
Socket0,IIO Stack 5 - MCP1,Part2 (2nd x8/3rd x4),0,0,0,0
Socket0,IIO Stack 5 - MCP1,Part3 (4th x4),0,0,0,0
Socket1,IIO Stack 0 - CBDMA/DMI,Part0 (1st x16/x8/x4),0,0,0,0,0,0,0,0,0,0,0
Socket1,IIO Stack 0 - CBDMA/DMI,Part1 (2nd x4),0,0,0,0
Socket1,IIO Stack 0 - CBDMA/DMI,Part2 (2nd x8/3rd x4),0,0,0,0
Socket1,IIO Stack 0 - CBDMA/DMI,Part3 (4th x4),0,0,0,0
Socket1,IIO Stack 1 - PCIe0,Part0 (1st x16/x8/x4),0,0,0,0,0,0,0,0,0,0,0
Socket1,IIO Stack 1 - PCIe0,Part1 (2nd x4),0,0,0,0
Socket1,IIO Stack 1 - PCIe0,Part2 (2nd x8/3rd x4),0,0,0,0
Socket1,IIO Stack 1 - PCIe0,Part3 (4th x4),0,0,0,0
Socket1,IIO Stack 2 - PCIe1,Part0 (1st x16/x8/x4),0,0,0,0,0,0,0,0,0,0,0
Socket1,IIO Stack 2 - PCIe1,Part1 (2nd x4),0,0,0,0
Socket1,IIO Stack 2 - PCIe1,Part2 (2nd x8/3rd x4),0,0,0,0
Socket1,IIO Stack 2 - PCIe1,Part3 (4th x4),0,0,0,0
Socket1,IIO Stack 3 - PCIe2,Part0 (1st x16/x8/x4),0,0,0,0,0,0,0,0,0,0,0
Socket1,IIO Stack 3 - PCIe2,Part1 (2nd x4),0,0,0,0
Socket1,IIO Stack 3 - PCIe2,Part2 (2nd x8/3rd x4),0,0,0,0
Socket1,IIO Stack 3 - PCIe2,Part3 (4th x4),0,0,0,0
Socket1,IIO Stack 4 - MCP0,Part0 (1st x16/x8/x4),0,0,0,0,0,0,0,0,0,0,0
Socket1,IIO Stack 4 - MCP0,Part1 (2nd x4),0,0,0,0
Socket1,IIO Stack 4 - MCP0,Part2 (2nd x8/3rd x4),0,0,0,0
Socket1,IIO Stack 4 - MCP0,Part3 (4th x4),0,0,0,0
Socket1,IIO Stack 5 - MCP1,Part0 (1st x16/x8/x4),0,0,0,0,0,0,0,0,0,0,0
Socket1,IIO Stack 5 - MCP1,Part1 (2nd x4),0,0,0,0
Socket1,IIO Stack 5 - MCP1,Part2 (2nd x8/3rd x4),0,0,0,0
Socket1,IIO Stack 5 - MCP1,Part3 (4th x4),0,0,0,0
Socket2,IIO Stack 0 - CBDMA/DMI,Part0 (1st x16/x8/x4),0,0,0,0,0,0,0,0,0,0,0
Socket2,IIO Stack 0 - CBDMA/DMI,Part1 (2nd x4),0,0,0,0
Socket2,IIO Stack 0 - CBDMA/DMI,Part2 (2nd x8/3rd x4),0,0,0,0
Socket2,IIO Stack 0 - CBDMA/DMI,Part3 (4th x4),0,0,0,0
Socket2,IIO Stack 1 - PCIe0,Part0 (1st x16/x8/x4),0,0,0,0,0,0,0,0,0,0,0
Socket2,IIO Stack 1 - PCIe0,Part1 (2nd x4),0,0,0,0
Socket2,IIO Stack 1 - PCIe0,Part2 (2nd x8/3rd x4),0,0,0,0
Socket2,IIO Stack 1 - PCIe0,Part3 (4th x4),0,0,0,0
Socket2,IIO Stack 2 - PCIe1,Part0 (1st x16/x8/x4),0,0,0,0,0,0,0,0,0,0,0
Socket2,IIO Stack 2 - PCIe1,Part1 (2nd x4),0,0,0,0
Socket2,IIO Stack 2 - PCIe1,Part2 (2nd x8/3rd x4),0,0,0,0
Socket2,IIO Stack 2 - PCIe1,Part3 (4th x4),0,0,0,0
Socket2,IIO Stack 3 - PCIe2,Part0 (1st x16/x8/x4),0,0,0,0,0,0,0,0,0,0,0
Socket2,IIO Stack 3 - PCIe2,Part1 (2nd x4),0,0,0,0
Socket2,IIO Stack 3 - PCIe2,Part2 (2nd x8/3rd x4),0,0,0,0
Socket2,IIO Stack 3 - PCIe2,Part3 (4th x4),0,0,0,0
Socket2,IIO Stack 4 - MCP0,Part0 (1st x16/x8/x4),0,0,0,0,0,0,0,0,0,0,0
Socket2,IIO Stack 4 - MCP0,Part1 (2nd x4),0,0,0,0
Socket2,IIO Stack 4 - MCP0,Part2 (2nd x8/3rd x4),0,0,0,0
Socket2,IIO Stack 4 - MCP0,Part3 (4th x4),0,0,0,0
Socket2,IIO Stack 5 - MCP1,Part0 (1st x16/x8/x4),0,0,0,0,0,0,0,0,0,0,0
Socket2,IIO Stack 5 - MCP1,Part1 (2nd x4),0,0,0,0
Socket2,IIO Stack 5 - MCP1,Part2 (2nd x8/3rd x4),0,0,0,0
Socket2,IIO Stack 5 - MCP1,Part3 (4th x4),0,0,0,0
Socket3,IIO Stack 0 - CBDMA/DMI,Part0 (1st x16/x8/x4),0,0,0,0,0,0,0,0,0,0,0
Socket3,IIO Stack 0 - CBDMA/DMI,Part1 (2nd x4),0,0,0,0
Socket3,IIO Stack 0 - CBDMA/DMI,Part2 (2nd x8/3rd x4),0,0,0,0
Socket3,IIO Stack 0 - CBDMA/DMI,Part3 (4th x4),0,0,0,0
Socket3,IIO Stack 1 - PCIe0,Part0 (1st x16/x8/x4),0,0,0,0,0,0,0,0,0,0,0
Socket3,IIO Stack 1 - PCIe0,Part1 (2nd x4),0,0,0,0
Socket3,IIO Stack 1 - PCIe0,Part2 (2nd x8/3rd x4),0,0,0,0
Socket3,IIO Stack 1 - PCIe0,Part3 (4th x4),0,0,0,0
Socket3,IIO Stack 2 - PCIe1,Part0 (1st x16/x8/x4),0,0,0,0,0,0,0,0,0,0,0
Socket3,IIO Stack 2 - PCIe1,Part1 (2nd x4),0,0,0,0
Socket3,IIO Stack 2 - PCIe1,Part2 (2nd x8/3rd x4),0,0,0,0
Socket3,IIO Stack 2 - PCIe1,Part3 (4th x4),0,0,0,0
Socket3,IIO Stack 3 - PCIe2,Part0 (1st x16/x8/x4),0,0,0,0,0,0,0,0,0,0,0
Socket3,IIO Stack 3 - PCIe2,Part1 (2nd x4),0,0,0,0
Socket3,IIO Stack 3 - PCIe2,Part2 (2nd x8/3rd x4),0,0,0,0
Socket3,IIO Stack 3 - PCIe2,Part3 (4th x4),0,0,0,0
Socket3,IIO Stack 4 - MCP0,Part0 (1st x16/x8/x4),0,0,0,0,0,0,0,0,0,0,0
Socket3,IIO Stack 4 - MCP0,Part1 (2nd x4),0,0,0,0
Socket3,IIO Stack 4 - MCP0,Part2 (2nd x8/3rd x4),0,0,0,0
Socket3,IIO Stack 4 - MCP0,Part3 (4th x4),0,0,0,0
Socket3,IIO Stack 5 - MCP1,Part0 (1st x16/x8/x4),0,0,0,0,0,0,0,0,0,0,0
Socket3,IIO Stack 5 - MCP1,Part1 (2nd x4),0,0,0,0
Socket3,IIO Stack 5 - MCP1,Part2 (2nd x8/3rd x4),0,0,0,0
Socket3,IIO Stack 5 - MCP1,Part3 (4th x4),0,0,0,0
Socket,Name,Part,IB write (bytes),IB read (bytes),OB read (bytes),OB write (bytes),IOTLB Hit,IOTLB Miss,VT-d CTXT Miss,VT-d L1 Miss,VT-d L2 Miss,VT-d L3 Miss,VT-d Mem Read
Socket0,IIO Stack 0 - CBDMA/DMI,Part0 (1st x16/x8/x4),0,0,0,0,348,23,0,0,0,0,0
Socket0,IIO Stack 0 - CBDMA/DMI,Part1 (2nd x4),7348,0,0,186
Socket0,IIO Stack 0 - CBDMA/DMI,Part2 (2nd x8/3rd x4),0,0,0,0
Socket0,IIO Stack 0 - CBDMA/DMI,Part3 (4th x4),0,1238325,0,0
Socket0,IIO Stack 1 - PCIe0,Part0 (1st x16/x8/x4),0,0,0,0,0,0,0,0,0,0,0
Socket0,IIO Stack 1 - PCIe0,Part1 (2nd x4),0,0,0,0
Socket0,IIO Stack 1 - PCIe0,Part2 (2nd x8/3rd x4),0,0,0,0
Socket0,IIO Stack 1 - PCIe0,Part3 (4th x4),0,0,0,0
Socket0,IIO Stack 2 - PCIe1,Part0 (1st x16/x8/x4),1488,1311255,0,0,20162,0,0,0,0,0,93
Socket0,IIO Stack 2 - PCIe1,Part1 (2nd x4),0,0,0,0
Socket0,IIO Stack 2 - PCIe1,Part2 (2nd x8/3rd x4),0,0,0,0
Socket0,IIO Stack 2 - PCIe1,Part3 (4th x4),0,0,0,0
Socket0,IIO Stack 3 - PCIe2,Part0 (1st x16/x8/x4),0,0,0,0,0,0,0,0,0,0,0
Socket0,IIO Stack 3 - PCIe2,Part1 (2nd x4),0,0,0,0
Socket0,IIO Stack 3 - PCIe2,Part2 (2nd x8/3rd x4),0,0,0,0
Socket0,IIO Stack 3 - PCIe2,Part3 (4th x4),0,0,0,0
Socket0,IIO Stack 4 - MCP0,Part0 (1st x16/x8/x4),0,0,0,0,0,0,0,0,0,0,0
Socket0,IIO Stack 4 - MCP0,Part1 (2nd x4),0,0,0,0
Socket0,IIO Stack 4 - MCP0,Part2 (2nd x8/3rd x4),0,0,0,0
Socket0,IIO Stack 4 - MCP0,Part3 (4th x4),0,0,0,0
Socket0,IIO Stack 5 - MCP1,Part0 (1st x16/x8/x4),0,0,0,0,0,0,0,0,0,0,0
Socket0,IIO Stack 5 - MCP1,Part1 (2nd x4),0,0,0,0
Socket0,IIO Stack 5 - MCP1,Part2 (2nd x8/3rd x4),0,0,0,0
Socket0,IIO Stack 5 - MCP1,Part3 (4th x4),0,0,0,0
Socket1,IIO Stack 0 - CBDMA/DMI,Part0 (1st x16/x8/x4),0,0,0,0,0,0,0,0,0,0,0
Socket1,IIO Stack 0 - CBDMA/DMI,Part1 (2nd x4),0,0,0,0
Socket1,IIO Stack 0 - CBDMA/DMI,Part2 (2nd x8/3rd x4),0,0,0,0
Socket1,IIO Stack 0 - CBDMA/DMI,Part3 (4th x4),0,0,0,0
Socket1,IIO Stack 1 - PCIe0,Part0 (1st x16/x8/x4),0,0,0,0,0,0,0,0,0,0,0
Socket1,IIO Stack 1 - PCIe0,Part1 (2nd x4),0,0,0,0
Socket1,IIO Stack 1 - PCIe0,Part2 (2nd x8/3rd x4),0,0,0,0
Socket1,IIO Stack 1 - PCIe0,Part3 (4th x4),0,0,0,0
Socket1,IIO Stack 2 - PCIe1,Part0 (1st x16/x8/x4),0,0,0,0,0,0,0,0,0,0,0
Socket1,IIO Stack 2 - PCIe1,Part1 (2nd x4),0,0,0,0
Socket1,IIO Stack 2 - PCIe1,Part2 (2nd x8/3rd x4),0,0,0,0
Socket1,IIO Stack 2 - PCIe1,Part3 (4th x4),0,0,0,0
Socket1,IIO Stack 3 - PCIe2,Part0 (1st x16/x8/x4),0,0,0,0,0,0,0,0,0,0,0
Socket1,IIO Stack 3 - PCIe2,Part1 (2nd x4),0,0,0,0
Socket1,IIO Stack 3 - PCIe2,Part2 (2nd x8/3rd x4),0,0,0,0
Socket1,IIO Stack 3 - PCIe2,Part3 (4th x4),0,0,0,0
Socket1,IIO Stack 4 - MCP0,Part0 (1st x16/x8/x4),0,0,0,0,0,0,0,0,0,0,0
Socket1,IIO Stack 4 - MCP0,Part1 (2nd x4),0,0,0,0
Socket1,IIO Stack 4 - MCP0,Part2 (2nd x8/3rd x4),0,0,0,0
Socket1,IIO Stack 4 - MCP0,Part3 (4th x4),0,0,0,0
Socket1,IIO Stack 5 - MCP1,Part0 (1st x16/x8/x4),0,0,0,0,0,0,0,0,0,0,0
Socket1,IIO Stack 5 - MCP1,Part1 (2nd x4),0,0,0,0
Socket1,IIO Stack 5 - MCP1,Part2 (2nd x8/3rd x4),0,0,0,0
Socket1,IIO Stack 5 - MCP1,Part3 (4th x4),0,0,0,0
Socket2,IIO Stack 0 - CBDMA/DMI,Part0 (1st x16/x8/x4),0,0,0,0,0,0,0,0,0,0,0
Socket2,IIO Stack 0 - CBDMA/DMI,Part1 (2nd x4),0,0,0,0
Socket2,IIO Stack 0 - CBDMA/DMI,Part2 (2nd x8/3rd x4),0,0,0,0
Socket2,IIO Stack 0 - CBDMA/DMI,Part3 (4th x4),0,0,0,0
Socket2,IIO Stack 1 - PCIe0,Part0 (1st x16/x8/x4),0,0,0,0,0,0,0,0,0,0,0
Socket2,IIO Stack 1 - PCIe0,Part1 (2nd x4),0,0,0,0
Socket2,IIO Stack 1 - PCIe0,Part2 (2nd x8/3rd x4),0,0,0,0
Socket2,IIO Stack 1 - PCIe0,Part3 (4th x4),0,0,0,0
Socket2,IIO Stack 2 - PCIe1,Part0 (1st x16/x8/x4),0,0,0,0,0,0,0,0,0,0,0
Socket2,IIO Stack 2 - PCIe1,Part1 (2nd x4),0,0,0,0
Socket2,IIO Stack 2 - PCIe1,Part2 (2nd x8/3rd x4),0,0,0,0
Socket2,IIO Stack 2 - PCIe1,Part3 (4th x4),0,0,0,0
Socket2,IIO Stack 3 - PCIe2,Part0 (1st x16/x8/x4),0,0,0,0,0,0,0,0,0,0,0
Socket2,IIO Stack 3 - PCIe2,Part1 (2nd x4),0,0,0,0
Socket2,IIO Stack 3 - PCIe2,Part2 (2nd x8/3rd x4),0,0,0,0
Socket2,IIO Stack 3 - PCIe2,Part3 (4th x4),0,0,0,0
Socket2,IIO Stack 4 - MCP0,Part0 (1st x16/x8/x4),0,0,0,0,0,0,0,0,0,0,0
Socket2,IIO Stack 4 - MCP0,Part1 (2nd x4),0,0,0,0
Socket2,IIO Stack 4 - MCP0,Part2 (2nd x8/3rd x4),0,0,0,0
Socket2,IIO Stack 4 - MCP0,Part3 (4th x4),0,0,0,0
Socket2,IIO Stack 5 - MCP1,Part0 (1st x16/x8/x4),0,0,0,0,0,0,0,0,0,0,0
Socket2,IIO Stack 5 - MCP1,Part1 (2nd x4),0,0,0,0
Socket2,IIO Stack 5 - MCP1,Part2 (2nd x8/3rd x4),0,0,0,0
Socket2,IIO Stack 5 - MCP1,Part3 (4th x4),0,0,0,0
Socket3,IIO Stack 0 - CBDMA/DMI,Part0 (1st x16/x8/x4),0,0,0,0,0,0,0,0,0,0,0
Socket3,IIO Stack 0 - CBDMA/DMI,Part1 (2nd x4),0,0,0,0
Socket3,IIO Stack 0 - CBDMA/DMI,Part2 (2nd x8/3rd x4),0,0,0,0
Socket3,IIO Stack 0 - CBDMA/DMI,Part3 (4th x4),0,0,0,0
Socket3,IIO Stack 1 - PCIe0,Part0 (1st x16/x8/x4),0,0,0,0,0,0,0,0,0,0,0
Socket3,IIO Stack 1 - PCIe0,Part1 (2nd x4),0,0,0,0
Socket3,IIO Stack 1 - PCIe0,Part2 (2nd x8/3rd x4),0,0,0,0
Socket3,IIO Stack 1 - PCIe0,Part3 (4th x4),0,0,0,0
Socket3,IIO Stack 2 - PCIe1,Part0 (1st x16/x8/x4),0,0,0,0,0,0,0,0,0,0,0
Socket3,IIO Stack 2 - PCIe1,Part1 (2nd x4),0,0,0,0
Socket3,IIO Stack 2 - PCIe1,Part2 (2nd x8/3rd x4),0,0,0,0
Socket3,IIO Stack 2 - PCIe1,Part3 (4th x4),0,0,0,0
Socket3,IIO Stack 3 - PCIe2,Part0 (1st x16/x8/x4),0,0,0,0,0,0,0,0,0,0,0
Socket3,IIO Stack 3 - PCIe2,Part1 (2nd x4),0,0,0,0
Socket3,IIO Stack 3 - PCIe2,Part2 (2nd x8/3rd x4),0,0,0,0
Socket3,IIO Stack 3 - PCIe2,Part3 (4th x4),0,0,0,0
Socket3,IIO Stack 4 - MCP0,Part0 (1st x16/x8/x4),0,0,0,0,0,0,0,0,0,0,0
Socket3,IIO Stack 4 - MCP0,Part1 (2nd x4),0,0,0,0
Socket3,IIO Stack 4 - MCP0,Part2 (2nd x8/3rd x4),0,0,0,0
Socket3,IIO Stack 4 - MCP0,Part3 (4th x4),0,0,0,0
Socket3,IIO Stack 5 - MCP1,Part0 (1st x16/x8/x4),0,0,0,0,0,0,0,0,0,0,0
Socket3,IIO Stack 5 - MCP1,Part1 (2nd x4),0,0,0,0
Socket3,IIO Stack 5 - MCP1,Part2 (2nd x8/3rd x4),0,0,0,0
Socket3,IIO Stack 5 - MCP1,Part3 (4th x4),0,0,0,0
Socket,Name,Part,IB write (bytes),IB read (bytes),OB read (bytes),OB write (bytes),IOTLB Hit,IOTLB Miss,VT-d CTXT Miss,VT-d L1 Miss,VT-d L2 Miss,VT-d L3 Miss,VT-d Mem Read
Socket0,IIO Stack 0 - CBDMA/DMI,Part0 (1st x16/x8/x4),0,0,0,0,0,209,0,0,0,0,0
Socket0,IIO Stack 0 - CBDMA/DMI,Part1 (2nd x4),1767,0,0,0
Socket0,IIO Stack 0 - CBDMA/DMI,Part2 (2nd x8/3rd x4),0,0,0,0
Socket0,IIO Stack 0 - CBDMA/DMI,Part3 (4th x4),0,762046,0,0
Socket0,IIO Stack 1 - PCIe0,Part0 (1st x16/x8/x4),0,0,0,0,0,0,0,0,0,0,0
Socket0,IIO Stack 1 - PCIe0,Part1 (2nd x4),0,0,0,0
Socket0,IIO Stack 1 - PCIe0,Part2 (2nd x8/3rd x4),0,0,0,0
Socket0,IIO Stack 1 - PCIe0,Part3 (4th x4),0,0,0,0
Socket0,IIO Stack 2 - PCIe1,Part0 (1st x16/x8/x4),0,1311255,0,0,20162,46,0,0,0,0,93
Socket0,IIO Stack 2 - PCIe1,Part1 (2nd x4),0,0,0,0
Socket0,IIO Stack 2 - PCIe1,Part2 (2nd x8/3rd x4),0,0,0,0
Socket0,IIO Stack 2 - PCIe1,Part3 (4th x4),0,0,0,0
Socket0,IIO Stack 3 - PCIe2,Part0 (1st x16/x8/x4),0,0,0,0,0,0,0,0,0,0,0
Socket0,IIO Stack 3 - PCIe2,Part1 (2nd x4),0,0,0,0
Socket0,IIO Stack 3 - PCIe2,Part2 (2nd x8/3rd x4),0,0,0,0
Socket0,IIO Stack 3 - PCIe2,Part3 (4th x4),0,0,0,0
Socket0,IIO Stack 4 - MCP0,Part0 (1st x16/x8/x4),0,0,0,0,0,0,0,0,0,0,0
Socket0,IIO Stack 4 - MCP0,Part1 (2nd x4),0,0,0,0
Socket0,IIO Stack 4 - MCP0,Part2 (2nd x8/3rd x4),0,0,0,0
Socket0,IIO Stack 4 - MCP0,Part3 (4th x4),0,0,0,0
Socket0,IIO Stack 5 - MCP1,Part0 (1st x16/x8/x4),0,0,0,0,0,0,0,0,0,0,0
Socket0,IIO Stack 5 - MCP1,Part1 (2nd x4),0,0,0,0
Socket0,IIO Stack 5 - MCP1,Part2 (2nd x8/3rd x4),0,0,0,0
Socket0,IIO Stack 5 - MCP1,Part3 (4th x4),0,0,0,0
Socket1,IIO Stack 0 - CBDMA/DMI,Part0 (1st x16/x8/x4),0,0,0,0,0,0,0,0,0,0,0
Socket1,IIO Stack 0 - CBDMA/DMI,Part1 (2nd x4),0,0,0,0
Socket1,IIO Stack 0 - CBDMA/DMI,Part2 (2nd x8/3rd x4),0,0,0,0
Socket1,IIO Stack 0 - CBDMA/DMI,Part3 (4th x4),0,0,0,0
Socket1,IIO Stack 1 - PCIe0,Part0 (1st x16/x8/x4),0,0,0,0,0,0,0,0,0,0,0
Socket1,IIO Stack 1 - PCIe0,Part1 (2nd x4),0,0,0,0
Socket1,IIO Stack 1 - PCIe0,Part2 (2nd x8/3rd x4),0,0,0,0
Socket1,IIO Stack 1 - PCIe0,Part3 (4th x4),0,0,0,0
Socket1,IIO Stack 2 - PCIe1,Part0 (1st x16/x8/x4),0,0,0,0,0,0,0,0,0,0,0
Socket1,IIO Stack 2 - PCIe1,Part1 (2nd x4),0,0,0,0
Socket1,IIO Stack 2 - PCIe1,Part2 (2nd x8/3rd x4),0,0,0,0
Socket1,IIO Stack 2 - PCIe1,Part3 (4th x4),0,0,0,0
Socket1,IIO Stack 3 - PCIe2,Part0 (1st x16/x8/x4),0,0,0,0,0,0,0,0,0,0,0
Socket1,IIO Stack 3 - PCIe2,Part1 (2nd x4),0,0,0,0
Socket1,IIO Stack 3 - PCIe2,Part2 (2nd x8/3rd x4),0,0,0,0
Socket1,IIO Stack 3 - PCIe2,Part3 (4th x4),0,0,0,0
Socket1,IIO Stack 4 - MCP0,Part0 (1st x16/x8/x4),0,0,0,0,0,0,0,0,0,0,0
Socket1,IIO Stack 4 - MCP0,Part1 (2nd x4),0,0,0,0
Socket1,IIO Stack 4 - MCP0,Part2 (2nd x8/3rd x4),0,0,0,0
Socket1,IIO Stack 4 - MCP0,Part3 (4th x4),0,0,0,0
Socket1,IIO Stack 5 - MCP1,Part0 (1st x16/x8/x4),0,0,0,0,0,0,0,0,0,0,0
Socket1,IIO Stack 5 - MCP1,Part1 (2nd x4),0,0,0,0
Socket1,IIO Stack 5 - MCP1,Part2 (2nd x8/3rd x4),0,0,0,0
Socket1,IIO Stack 5 - MCP1,Part3 (4th x4),0,0,0,0
Socket2,IIO Stack 0 - CBDMA/DMI,Part0 (1st x16/x8/x4),0,0,0,0,0,0,0,0,0,0,0
Socket2,IIO Stack 0 - CBDMA/DMI,Part1 (2nd x4),0,0,0,0
Socket2,IIO Stack 0 - CBDMA/DMI,Part2 (2nd x8/3rd x4),0,0,0,0
Socket2,IIO Stack 0 - CBDMA/DMI,Part3 (4th x4),0,0,0,0
Socket2,IIO Stack 1 - PCIe0,Part0 (1st x16/x8/x4),0,0,0,0,0,0,0,0,0,0,0
Socket2,IIO Stack 1 - PCIe0,Part1 (2nd x4),0,0,0,0
Socket2,IIO Stack 1 - PCIe0,Part2 (2nd x8/3rd x4),0,0,0,0
Socket2,IIO Stack 1 - PCIe0,Part3 (4th x4),0,0,0,0
Socket2,IIO Stack 2 - PCIe1,Part0 (1st x16/x8/x4),0,0,0,0,0,0,0,0,0,0,0
Socket2,IIO Stack 2 - PCIe1,Part1 (2nd x4),0,0,0,0
Socket2,IIO Stack 2 - PCIe1,Part2 (2nd x8/3rd x4),0,0,0,0
Socket2,IIO Stack 2 - PCIe1,Part3 (4th x4),0,0,0,0
Socket2,IIO Stack 3 - PCIe2,Part0 (1st x16/x8/x4),0,0,0,0,0,0,0,0,0,0,0
Socket2,IIO Stack 3 - PCIe2,Part1 (2nd x4),0,0,0,0
Socket2,IIO Stack 3 - PCIe2,Part2 (2nd x8/3rd x4),0,0,0,0
Socket2,IIO Stack 3 - PCIe2,Part3 (4th x4),0,0,0,0
Socket2,IIO Stack 4 - MCP0,Part0 (1st x16/x8/x4),0,0,0,0,0,0,0,0,0,0,0
Socket2,IIO Stack 4 - MCP0,Part1 (2nd x4),0,0,0,0
Socket2,IIO Stack 4 - MCP0,Part2 (2nd x8/3rd x4),0,0,0,0
Socket2,IIO Stack 4 - MCP0,Part3 (4th x4),0,0,0,0
Socket2,IIO Stack 5 - MCP1,Part0 (1st x16/x8/x4),0,0,0,0,0,0,0,0,0,0,0
Socket2,IIO Stack 5 - MCP1,Part1 (2nd x4),0,0,0,0
Socket2,IIO Stack 5 - MCP1,Part2 (2nd x8/3rd x4),0,0,0,0
Socket2,IIO Stack 5 - MCP1,Part3 (4th x4),0,0,0,0
Socket3,IIO Stack 0 - CBDMA/DMI,Part0 (1st x16/x8/x4),0,0,0,0,0,0,0,0,0,0,0
Socket3,IIO Stack 0 - CBDMA/DMI,Part1 (2nd x4),0,0,0,0
Socket3,IIO Stack 0 - CBDMA/DMI,Part2 (2nd x8/3rd x4),0,0,0,0
Socket3,IIO Stack 0 - CBDMA/DMI,Part3 (4th x4),0,0,0,0
Socket3,IIO Stack 1 - PCIe0,Part0 (1st x16/x8/x4),0,0,0,0,0,0,0,0,0,0,0
Socket3,IIO Stack 1 - PCIe0,Part1 (2nd x4),0,0,0,0
Socket3,IIO Stack 1 - PCIe0,Part2 (2nd x8/3rd x4),0,0,0,0
Socket3,IIO Stack 1 - PCIe0,Part3 (4th x4),0,0,0,0
Socket3,IIO Stack 2 - PCIe1,Part0 (1st x16/x8/x4),0,0,0,0,0,0,0,0,0,0,0
Socket3,IIO Stack 2 - PCIe1,Part1 (2nd x4),0,0,0,0
Socket3,IIO Stack 2 - PCIe1,Part2 (2nd x8/3rd x4),0,0,0,0
Socket3,IIO Stack 2 - PCIe1,Part3 (4th x4),0,0,0,0
Socket3,IIO Stack 3 - PCIe2,Part0 (1st x16/x8/x4),0,0,0,0,0,0,0,0,0,0,0
Socket3,IIO Stack 3 - PCIe2,Part1 (2nd x4),0,0,0,0
Socket3,IIO Stack 3 - PCIe2,Part2 (2nd x8/3rd x4),0,0,0,0
Socket3,IIO Stack 3 - PCIe2,Part3 (4th x4),0,0,0,0
Socket3,IIO Stack 4 - MCP0,Part0 (1st x16/x8/x4),0,0,0,0,0,0,0,0,0,0,0
Socket3,IIO Stack 4 - MCP0,Part1 (2nd x4),0,0,0,0
Socket3,IIO Stack 4 - MCP0,Part2 (2nd x8/3rd x4),0,0,0,0
Socket3,IIO Stack 4 - MCP0,Part3 (4th x4),0,0,0,0
Socket3,IIO Stack 5 - MCP1,Part0 (1st x16/x8/x4),0,0,0,0,0,0,0,0,0,0,0
Socket3,IIO Stack 5 - MCP1,Part1 (2nd x4),0,0,0,0
Socket3,IIO Stack 5 - MCP1,Part2 (2nd x8/3rd x4),0,0,0,0
Socket3,IIO Stack 5 - MCP1,Part3 (4th x4),0,0,0,0
Socket,Name,Part,IB write (bytes),IB read (bytes),OB read (bytes),OB write (bytes),IOTLB Hit,IOTLB Miss,VT-d CTXT Miss,VT-d L1 Miss,VT-d L2 Miss,VT-d L3 Miss,VT-d Mem Read
Socket0,IIO Stack 0 - CBDMA/DMI,Part0 (1st x16/x8/x4),0,0,0,0,69,186,0,0,0,0,0
Socket0,IIO Stack 0 - CBDMA/DMI,Part1 (2nd x4),3534,0,0,0
Socket0,IIO Stack 0 - CBDMA/DMI,Part2 (2nd x8/3rd x4),0,0,0,0
Socket0,IIO Stack 0 - CBDMA/DMI,Part3 (4th x4),0,0,0,0
Socket0,IIO Stack 1 - PCIe0,Part0 (1st x16/x8/x4),0,0,0,0,0,0,0,0,0,0,0
Socket0,IIO Stack 1 - PCIe0,Part1 (2nd x4),0,0,0,0
Socket0,IIO Stack 1 - PCIe0,Part2 (2nd x8/3rd x4),0,0,0,0
Socket0,IIO Stack 1 - PCIe0,Part3 (4th x4),0,0,0,0
Socket0,IIO Stack 2 - PCIe1,Part0 (1st x16/x8/x4),2976,1288930,0,0,20162,46,0,0,0,46,0
Socket0,IIO Stack 2 - PCIe1,Part1 (2nd x4),0,0,0,0
Socket0,IIO Stack 2 - PCIe1,Part2 (2nd x8/3rd x4),0,0,0,0
Socket0,IIO Stack 2 - PCIe1,Part3 (4th x4),0,0,0,0
Socket0,IIO Stack 3 - PCIe2,Part0 (1st x16/x8/x4),0,0,0,0,0,0,0,0,0,0,0
Socket0,IIO Stack 3 - PCIe2,Part1 (2nd x4),0,0,0,0
Socket0,IIO Stack 3 - PCIe2,Part2 (2nd x8/3rd x4),0,0,0,0
Socket0,IIO Stack 3 - PCIe2,Part3 (4th x4),0,0,0,0
Socket0,IIO Stack 4 - MCP0,Part0 (1st x16/x8/x4),0,0,0,0,0,0,0,0,0,0,0
Socket0,IIO Stack 4 - MCP0,Part1 (2nd x4),0,0,0,0
Socket0,IIO Stack 4 - MCP0,Part2 (2nd x8/3rd x4),0,0,0,0
Socket0,IIO Stack 4 - MCP0,Part3 (4th x4),0,0,0,0
Socket0,IIO Stack 5 - MCP1,Part0 (1st x16/x8/x4),0,0,0,0,0,0,0,0,0,0,0
Socket0,IIO Stack 5 - MCP1,Part1 (2nd x4),0,0,0,0
Socket0,IIO Stack 5 - MCP1,Part2 (2nd x8/3rd x4),0,0,0,0
Socket0,IIO Stack 5 - MCP1,Part3 (4th x4),0,0,0,0
Socket1,IIO Stack 0 - CBDMA/DMI,Part0 (1st x16/x8/x4),0,0,0,0,0,0,0,0,0,0,0
Socket1,IIO Stack 0 - CBDMA/DMI,Part1 (2nd x4),0,0,0,0
Socket1,IIO Stack 0 - CBDMA/DMI,Part2 (2nd x8/3rd x4),0,0,0,0
Socket1,IIO Stack 0 - CBDMA/DMI,Part3 (4th x4),0,0,0,0
Socket1,IIO Stack 1 - PCIe0,Part0 (1st x16/x8/x4),0,0,0,0,0,0,0,0,0,0,0
Socket1,IIO Stack 1 - PCIe0,Part1 (2nd x4),0,0,0,0
Socket1,IIO Stack 1 - PCIe0,Part2 (2nd x8/3rd x4),0,0,0,0
Socket1,IIO Stack 1 - PCIe0,Part3 (4th x4),0,0,0,0
Socket1,IIO Stack 2 - PCIe1,Part0 (1st x16/x8/x4),0,0,0,0,0,0,0,0,0,0,0
Socket1,IIO Stack 2 - PCIe1,Part1 (2nd x4),0,0,0,0
Socket1,IIO Stack 2 - PCIe1,Part2 (2nd x8/3rd x4),0,0,0,0
Socket1,IIO Stack 2 - PCIe1,Part3 (4th x4),0,0,0,0
Socket1,IIO Stack 3 - PCIe2,Part0 (1st x16/x8/x4),0,0,0,0,0,0,0,0,0,0,0
Socket1,IIO Stack 3 - PCIe2,Part1 (2nd x4),0,0,0,0
Socket1,IIO Stack 3 - PCIe2,Part2 (2nd x8/3rd x4),0,0,0,0
Socket1,IIO Stack 3 - PCIe2,Part3 (4th x4),0,0,0,0
Socket1,IIO Stack 4 - MCP0,Part0 (1st x16/x8/x4),0,0,0,0,0,0,0,0,0,0,0
Socket1,IIO Stack 4 - MCP0,Part1 (2nd x4),0,0,0,0
Socket1,IIO Stack 4 - MCP0,Part2 (2nd x8/3rd x4),0,0,0,0
Socket1,IIO Stack 4 - MCP0,Part3 (4th x4),0,0,0,0
Socket1,IIO Stack 5 - MCP1,Part0 (1st x16/x8/x4),0,0,0,0,0,0,0,0,0,0,0
Socket1,IIO Stack 5 - MCP1,Part1 (2nd x4),0,0,0,0
Socket1,IIO Stack 5 - MCP1,Part2 (2nd x8/3rd x4),0,0,0,0
Socket1,IIO Stack 5 - MCP1,Part3 (4th x4),0,0,0,0
Socket2,IIO Stack 0 - CBDMA/DMI,Part0 (1st x16/x8/x4),0,0,0,0,0,0,0,0,0,0,0
Socket2,IIO Stack 0 - CBDMA/DMI,Part1 (2nd x4),0,0,0,0
Socket2,IIO Stack 0 - CBDMA/DMI,Part2 (2nd x8/3rd x4),0,0,0,0
Socket2,IIO Stack 0 - CBDMA/DMI,Part3 (4th x4),0,0,0,0
Socket2,IIO Stack 1 - PCIe0,Part0 (1st x16/x8/x4),0,0,0,0,0,0,0,0,0,0,0
Socket2,IIO Stack 1 - PCIe0,Part1 (2nd x4),0,0,0,0
Socket2,IIO Stack 1 - PCIe0,Part2 (2nd x8/3rd x4),0,0,0,0
Socket2,IIO Stack 1 - PCIe0,Part3 (4th x4),0,0,0,0
Socket2,IIO Stack 2 - PCIe1,Part0 (1st x16/x8/x4),0,0,0,0,0,0,0,0,0,0,0
Socket2,IIO Stack 2 - PCIe1,Part1 (2nd x4),0,0,0,0
Socket2,IIO Stack 2 - PCIe1,Part2 (2nd x8/3rd x4),0,0,0,0
Socket2,IIO Stack 2 - PCIe1,Part3 (4th x4),0,0,0,0
Socket2,IIO Stack 3 - PCIe2,Part0 (1st x16/x8/x4),0,0,0,0,0,0,0,0,0,0,0
Socket2,IIO Stack 3 - PCIe2,Part1 (2nd x4),0,0,0,0
Socket2,IIO Stack 3 - PCIe2,Part2 (2nd x8/3rd x4),0,0,0,0
Socket2,IIO Stack 3 - PCIe2,Part3 (4th x4),0,0,0,0
Socket2,IIO Stack 4 - MCP0,Part0 (1st x16/x8/x4),0,0,0,0,0,0,0,0,0,0,0
Socket2,IIO Stack 4 - MCP0,Part1 (2nd x4),0,0,0,0
Socket2,IIO Stack 4 - MCP0,Part2 (2nd x8/3rd x4),0,0,0,0
Socket2,IIO Stack 4 - MCP0,Part3 (4th x4),0,0,0,0
Socket2,IIO Stack 5 - MCP1,Part0 (1st x16/x8/x4),0,0,0,0,0,0,0,0,0,0,0
Socket2,IIO Stack 5 - MCP1,Part1 (2nd x4),0,0,0,0
Socket2,IIO Stack 5 - MCP1,Part2 (2nd x8/3rd x4),0,0,0,0
Socket2,IIO Stack 5 - MCP1,Part3 (4th x4),0,0,0,0
Socket3,IIO Stack 0 - CBDMA/DMI,Part0 (1st x16/x8/x4),0,0,0,0,0,0,0,0,0,0,0
Socket3,IIO Stack 0 - CBDMA/DMI,Part1 (2nd x4),0,0,0,0
Socket3,IIO Stack 0 - CBDMA/DMI,Part2 (2nd x8/3rd x4),0,0,0,0
Socket3,IIO Stack 0 - CBDMA/DMI,Part3 (4th x4),0,0,0,0
Socket3,IIO Stack 1 - PCIe0,Part0 (1st x16/x8/x4),0,0,0,0,0,0,0,0,0,0,0
Socket3,IIO Stack 1 - PCIe0,Part1 (2nd x4),0,0,0,0
Socket3,IIO Stack 1 - PCIe0,Part2 (2nd x8/3rd x4),0,0,0,0
Socket3,IIO Stack 1 - PCIe0,Part3 (4th x4),0,0,0,0
Socket3,IIO Stack 2 - PCIe1,Part0 (1st x16/x8/x4),0,0,0,0,0,0,0,0,0,0,0
Socket3,IIO Stack 2 - PCIe1,Part1 (2nd x4),0,0,0,0
Socket3,IIO Stack 2 - PCIe1,Part2 (2nd x8/3rd x4),0,0,0,0
Socket3,IIO Stack 2 - PCIe1,Part3 (4th x4),0,0,0,0
Socket3,IIO Stack 3 - PCIe2,Part0 (1st x16/x8/x4),0,0,0,0,0,0,0,0,0,0,0
Socket3,IIO Stack 3 - PCIe2,Part1 (2nd x4),0,0,0,0
Socket3,IIO Stack 3 - PCIe2,Part2 (2nd x8/3rd x4),0,0,0,0
Socket3,IIO Stack 3 - PCIe2,Part3 (4th x4),0,0,0,0
Socket3,IIO Stack 4 - MCP0,Part0 (1st x16/x8/x4),0,0,0,0,0,0,0,0,0,0,0
Socket3,IIO Stack 4 - MCP0,Part1 (2nd x4),0,0,0,0
Socket3,IIO Stack 4 - MCP0,Part2 (2nd x8/3rd x4),0,0,0,0
Socket3,IIO Stack 4 - MCP0,Part3 (4th x4),0,0,0,0
Socket3,IIO Stack 5 - MCP1,Part0 (1st x16/x8/x4),0,0,0,0,0,0,0,0,0,0,0
Socket3,IIO Stack 5 - MCP1,Part1 (2nd x4),0,0,0,0
Socket3,IIO Stack 5 - MCP1,Part2 (2nd x8/3rd x4),0,0,0,0
Socket3,IIO Stack 5 - MCP1,Part3 (4th x4),0,0,0,0
Socket,Name,Part,IB write (bytes),IB read (bytes),OB read (bytes),OB write (bytes),IOTLB Hit,IOTLB Miss,VT-d CTXT Miss,VT-d L1 Miss,VT-d L2 Miss,VT-d L3 Miss,VT-d Mem Read
Socket0,IIO Stack 0 - CBDMA/DMI,Part0 (1st x16/x8/x4),0,0,0,0,69,69,0,0,0,0,23
Socket0,IIO Stack 0 - CBDMA/DMI,Part1 (2nd x4),3534,5023,0,0
Socket0,IIO Stack 0 - CBDMA/DMI,Part2 (2nd x8/3rd x4),0,0,0,0
Socket0,IIO Stack 0 - CBDMA/DMI,Part3 (4th x4),0,0,0,0
Socket0,IIO Stack 1 - PCIe0,Part0 (1st x16/x8/x4),0,0,0,0,0,0,0,0,0,0,0
Socket0,IIO Stack 1 - PCIe0,Part1 (2nd x4),0,0,0,0
Socket0,IIO Stack 1 - PCIe0,Part2 (2nd x8/3rd x4),0,0,0,0
Socket0,IIO Stack 1 - PCIe0,Part3 (4th x4),0,0,0,0
Socket0,IIO Stack 2 - PCIe1,Part0 (1st x16/x8/x4),0,1290418,0,0,20465,0,0,0,0,46,0
Socket0,IIO Stack 2 - PCIe1,Part1 (2nd x4),0,0,0,0
Socket0,IIO Stack 2 - PCIe1,Part2 (2nd x8/3rd x4),0,0,0,0
Socket0,IIO Stack 2 - PCIe1,Part3 (4th x4),0,0,0,0
Socket0,IIO Stack 3 - PCIe2,Part0 (1st x16/x8/x4),0,0,0,0,0,0,0,0,0,0,0
Socket0,IIO Stack 3 - PCIe2,Part1 (2nd x4),0,0,0,0
Socket0,IIO Stack 3 - PCIe2,Part2 (2nd x8/3rd x4),0,0,0,0
Socket0,IIO Stack 3 - PCIe2,Part3 (4th x4),0,0,0,0
Socket0,IIO Stack 4 - MCP0,Part0 (1st x16/x8/x4),0,0,0,0,0,0,0,0,0,0,0
Socket0,IIO Stack 4 - MCP0,Part1 (2nd x4),0,0,0,0
Socket0,IIO Stack 4 - MCP0,Part2 (2nd x8/3rd x4),0,0,0,0
Socket0,IIO Stack 4 - MCP0,Part3 (4th x4),0,0,0,0
Socket0,IIO Stack 5 - MCP1,Part0 (1st x16/x8/x4),0,0,0,0,0,0,0,0,0,0,0
Socket0,IIO Stack 5 - MCP1,Part1 (2nd x4),0,0,0,0
Socket0,IIO Stack 5 - MCP1,Part2 (2nd x8/3rd x4),0,0,0,0
Socket0,IIO Stack 5 - MCP1,Part3 (4th x4),0,0,0,0
Socket1,IIO Stack 0 - CBDMA/DMI,Part0 (1st x16/x8/x4),0,0,0,0,0,0,0,0,0,0,0
Socket1,IIO Stack 0 - CBDMA/DMI,Part1 (2nd x4),0,0,0,0
Socket1,IIO Stack 0 - CBDMA/DMI,Part2 (2nd x8/3rd x4),0,0,0,0
Socket1,IIO Stack 0 - CBDMA/DMI,Part3 (4th x4),0,0,0,0
Socket1,IIO Stack 1 - PCIe0,Part0 (1st x16/x8/x4),0,0,0,0,0,0,0,0,0,0,0
Socket1,IIO Stack 1 - PCIe0,Part1 (2nd x4),0,0,0,0
Socket1,IIO Stack 1 - PCIe0,Part2 (2nd x8/3rd x4),0,0,0,0
Socket1,IIO Stack 1 - PCIe0,Part3 (4th x4),0,0,0,0
Socket1,IIO Stack 2 - PCIe1,Part0 (1st x16/x8/x4),0,0,0,0,0,0,0,0,0,0,0
Socket1,IIO Stack 2 - PCIe1,Part1 (2nd x4),0,0,0,0
Socket1,IIO Stack 2 - PCIe1,Part2 (2nd x8/3rd x4),0,0,0,0
Socket1,IIO Stack 2 - PCIe1,Part3 (4th x4),0,0,0,0
Socket1,IIO Stack 3 - PCIe2,Part0 (1st x16/x8/x4),0,0,0,0,0,0,0,0,0,0,0
Socket1,IIO Stack 3 - PCIe2,Part1 (2nd x4),0,0,0,0
Socket1,IIO Stack 3 - PCIe2,Part2 (2nd x8/3rd x4),0,0,0,0
Socket1,IIO Stack 3 - PCIe2,Part3 (4th x4),0,0,0,0
Socket1,IIO Stack 4 - MCP0,Part0 (1st x16/x8/x4),0,0,0,0,0,0,0,0,0,0,0
Socket1,IIO Stack 4 - MCP0,Part1 (2nd x4),0,0,0,0
Socket1,IIO Stack 4 - MCP0,Part2 (2nd x8/3rd x4),0,0,0,0
Socket1,IIO Stack 4 - MCP0,Part3 (4th x4),0,0,0,0
Socket1,IIO Stack 5 - MCP1,Part0 (1st x16/x8/x4),0,0,0,0,0,0,0,0,0,0,0
Socket1,IIO Stack 5 - MCP1,Part1 (2nd x4),0,0,0,0
Socket1,IIO Stack 5 - MCP1,Part2 (2nd x8/3rd x4),0,0,0,0
Socket1,IIO Stack 5 - MCP1,Part3 (4th x4),0,0,0,0
Socket2,IIO Stack 0 - CBDMA/DMI,Part0 (1st x16/x8/x4),0,0,0,0,0,0,0,0,0,0,0
Socket2,IIO Stack 0 - CBDMA/DMI,Part1 (2nd x4),0,0,0,0
Socket2,IIO Stack 0 - CBDMA/DMI,Part2 (2nd x8/3rd x4),0,0,0,0
Socket2,IIO Stack 0 - CBDMA/DMI,Part3 (4th x4),0,0,0,0
Socket2,IIO Stack 1 - PCIe0,Part0 (1st x16/x8/x4),0,0,0,0,0,0,0,0,0,0,0
Socket2,IIO Stack 1 - PCIe0,Part1 (2nd x4),0,0,0,0
Socket2,IIO Stack 1 - PCIe0,Part2 (2nd x8/3rd x4),0,0,0,0
Socket2,IIO Stack 1 - PCIe0,Part3 (4th x4),0,0,0,0
Socket2,IIO Stack 2 - PCIe1,Part0 (1st x16/x8/x4),0,0,0,0,0,0,0,0,0,0,0
Socket2,IIO Stack 2 - PCIe1,Part1 (2nd x4),0,0,0,0
Socket2,IIO Stack 2 - PCIe1,Part2 (2nd x8/3rd x4),0,0,0,0
Socket2,IIO Stack 2 - PCIe1,Part3 (4th x4),0,0,0,0
Socket2,IIO Stack 3 - PCIe2,Part0 (1st x16/x8/x4),0,0,0,0,0,0,0,0,0,0,0
Socket2,IIO Stack 3 - PCIe2,Part1 (2nd x4),0,0,0,0
Socket2,IIO Stack 3 - PCIe2,Part2 (2nd x8/3rd x4),0,0,0,0
Socket2,IIO Stack 3 - PCIe2,Part3 (4th x4),0,0,0,0
Socket2,IIO Stack 4 - MCP0,Part0 (1st x16/x8/x4),0,0,0,0,0,0,0,0,0,0,0
Socket2,IIO Stack 4 - MCP0,Part1 (2nd x4),0,0,0,0
Socket2,IIO Stack 4 - MCP0,Part2 (2nd x8/3rd x4),0,0,0,0
Socket2,IIO Stack 4 - MCP0,Part3 (4th x4),0,0,0,0
Socket2,IIO Stack 5 - MCP1,Part0 (1st x16/x8/x4),0,0,0,0,0,0,0,0,0,0,0
Socket2,IIO Stack 5 - MCP1,Part1 (2nd x4),0,0,0,0
Socket2,IIO Stack 5 - MCP1,Part2 (2nd x8/3rd x4),0,0,0,0
Socket2,IIO Stack 5 - MCP1,Part3 (4th x4),0,0,0,0
Socket3,IIO Stack 0 - CBDMA/DMI,Part0 (1st x16/x8/x4),0,0,0,0,0,0,0,0,0,0,0
Socket3,IIO Stack 0 - CBDMA/DMI,Part1 (2nd x4),0,0,0,0
Socket3,IIO Stack 0 - CBDMA/DMI,Part2 (2nd x8/3rd x4),0,0,0,0
Socket3,IIO Stack 0 - CBDMA/DMI,Part3 (4th x4),0,0,0,0
Socket3,IIO Stack 1 - PCIe0,Part0 (1st x16/x8/x4),0,0,0,0,0,0,0,0,0,0,0
Socket3,IIO Stack 1 - PCIe0,Part1 (2nd x4),0,0,0,0
Socket3,IIO Stack 1 - PCIe0,Part2 (2nd x8/3rd x4),0,0,0,0
Socket3,IIO Stack 1 - PCIe0,Part3 (4th x4),0,0,0,0
Socket3,IIO Stack 2 - PCIe1,Part0 (1st x16/x8/x4),0,0,0,0,0,0,0,0,0,0,0
Socket3,IIO Stack 2 - PCIe1,Part1 (2nd x4),0,0,0,0
Socket3,IIO Stack 2 - PCIe1,Part2 (2nd x8/3rd x4),0,0,0,0
Socket3,IIO Stack 2 - PCIe1,Part3 (4th x4),0,0,0,0
Socket3,IIO Stack 3 - PCIe2,Part0 (1st x16/x8/x4),0,0,0,0,0,0,0,0,0,0,0
Socket3,IIO Stack 3 - PCIe2,Part1 (2nd x4),0,0,0,0
Socket3,IIO Stack 3 - PCIe2,Part2 (2nd x8/3rd x4),0,0,0,0
Socket3,IIO Stack 3 - PCIe2,Part3 (4th x4),0,0,0,0
Socket3,IIO Stack 4 - MCP0,Part0 (1st x16/x8/x4),0,0,0,0,0,0,0,0,0,0,0
Socket3,IIO Stack 4 - MCP0,Part1 (2nd x4),0,0,0,0
Socket3,IIO Stack 4 - MCP0,Part2 (2nd x8/3rd x4),0,0,0,0
Socket3,IIO Stack 4 - MCP0,Part3 (4th x4),0,0,0,0
Socket3,IIO Stack 5 - MCP1,Part0 (1st x16/x8/x4),0,0,0,0,0,0,0,0,0,0,0
Socket3,IIO Stack 5 - MCP1,Part1 (2nd x4),0,0,0,0
Socket3,IIO Stack 5 - MCP1,Part2 (2nd x8/3rd x4),0,0,0,0
Socket3,IIO Stack 5 - MCP1,Part3 (4th x4),0,0,0,0
Socket,Name,Part,IB write (bytes),IB read (bytes),OB read (bytes),OB write (bytes),IOTLB Hit,IOTLB Miss,VT-d CTXT Miss,VT-d L1 Miss,VT-d L2 Miss,VT-d L3 Miss,VT-d Mem Read
Socket0,IIO Stack 0 - CBDMA/DMI,Part0 (1st x16/x8/x4),0,0,0,0,139,23,0,0,0,0,46
Socket0,IIO Stack 0 - CBDMA/DMI,Part1 (2nd x4),1767,0,0,186
Socket0,IIO Stack 0 - CBDMA/DMI,Part2 (2nd x8/3rd x4),0,0,0,0
Socket0,IIO Stack 0 - CBDMA/DMI,Part3 (4th x4),0,0,0,0
Socket0,IIO Stack 1 - PCIe0,Part0 (1st x16/x8/x4),0,0,0,0,0,0,0,0,0,0,0
Socket0,IIO Stack 1 - PCIe0,Part1 (2nd x4),0,0,0,0
Socket0,IIO Stack 1 - PCIe0,Part2 (2nd x8/3rd x4),0,0,0,0
Socket0,IIO Stack 1 - PCIe0,Part3 (4th x4),0,0,0,0
Socket0,IIO Stack 2 - PCIe1,Part0 (1st x16/x8/x4),0,1290418,0,0,20441,0,0,0,0,0,0
Socket0,IIO Stack 2 - PCIe1,Part1 (2nd x4),0,0,0,0
Socket0,IIO Stack 2 - PCIe1,Part2 (2nd x8/3rd x4),0,0,0,0
Socket0,IIO Stack 2 - PCIe1,Part3 (4th x4),0,0,0,0
Socket0,IIO Stack 3 - PCIe2,Part0 (1st x16/x8/x4),0,0,0,0,0,6069,0,0,0,0,0
Socket0,IIO Stack 3 - PCIe2,Part1 (2nd x4),0,0,0,0
Socket0,IIO Stack 3 - PCIe2,Part2 (2nd x8/3rd x4),0,0,0,0
Socket0,IIO Stack 3 - PCIe2,Part3 (4th x4),0,0,0,0
Socket0,IIO Stack 4 - MCP0,Part0 (1st x16/x8/x4),0,0,0,0,0,0,0,0,0,0,0
Socket0,IIO Stack 4 - MCP0,Part1 (2nd x4),0,0,0,0
Socket0,IIO Stack 4 - MCP0,Part2 (2nd x8/3rd x4),0,0,0,0
Socket0,IIO Stack 4 - MCP0,Part3 (4th x4),0,0,0,0
Socket0,IIO Stack 5 - MCP1,Part0 (1st x16/x8/x4),0,0,0,0,0,0,0,0,0,0,0
Socket0,IIO Stack 5 - MCP1,Part1 (2nd x4),0,0,0,0
Socket0,IIO Stack 5 - MCP1,Part2 (2nd x8/3rd x4),0,0,0,0
Socket0,IIO Stack 5 - MCP1,Part3 (4th x4),0,0,0,0
Socket1,IIO Stack 0 - CBDMA/DMI,Part0 (1st x16/x8/x4),0,0,0,0,0,0,0,0,0,0,0
Socket1,IIO Stack 0 - CBDMA/DMI,Part1 (2nd x4),0,0,0,0
Socket1,IIO Stack 0 - CBDMA/DMI,Part2 (2nd x8/3rd x4),0,0,0,0
Socket1,IIO Stack 0 - CBDMA/DMI,Part3 (4th x4),0,0,0,0
Socket1,IIO Stack 1 - PCIe0,Part0 (1st x16/x8/x4),0,0,0,0,0,0,0,0,0,0,0
Socket1,IIO Stack 1 - PCIe0,Part1 (2nd x4),0,0,0,0
Socket1,IIO Stack 1 - PCIe0,Part2 (2nd x8/3rd x4),0,0,0,0
Socket1,IIO Stack 1 - PCIe0,Part3 (4th x4),0,0,0,0
Socket1,IIO Stack 2 - PCIe1,Part0 (1st x16/x8/x4),0,0,0,0,0,0,0,0,0,0,0
Socket1,IIO Stack 2 - PCIe1,Part1 (2nd x4),0,0,0,0
Socket1,IIO Stack 2 - PCIe1,Part2 (2nd x8/3rd x4),0,0,0,0
Socket1,IIO Stack 2 - PCIe1,Part3 (4th x4),0,0,0,0
Socket1,IIO Stack 3 - PCIe2,Part0 (1st x16/x8/x4),0,0,0,0,0,0,0,0,0,0,0
Socket1,IIO Stack 3 - PCIe2,Part1 (2nd x4),0,0,0,0
Socket1,IIO Stack 3 - PCIe2,Part2 (2nd x8/3rd x4),0,0,0,0
Socket1,IIO Stack 3 - PCIe2,Part3 (4th x4),0,0,0,0
Socket1,IIO Stack 4 - MCP0,Part0 (1st x16/x8/x4),0,0,0,0,0,0,0,0,0,0,0
Socket1,IIO Stack 4 - MCP0,Part1 (2nd x4),0,0,0,0
Socket1,IIO Stack 4 - MCP0,Part2 (2nd x8/3rd x4),0,0,0,0
Socket1,IIO Stack 4 - MCP0,Part3 (4th x4),0,0,0,0
Socket1,IIO Stack 5 - MCP1,Part0 (1st x16/x8/x4),0,0,0,0,0,0,0,0,0,0,0
Socket1,IIO Stack 5 - MCP1,Part1 (2nd x4),0,0,0,0
Socket1,IIO Stack 5 - MCP1,Part2 (2nd x8/3rd x4),0,0,0,0
Socket1,IIO Stack 5 - MCP1,Part3 (4th x4),0,0,0,0
Socket2,IIO Stack 0 - CBDMA/DMI,Part0 (1st x16/x8/x4),0,0,0,0,0,0,0,0,0,0,0
Socket2,IIO Stack 0 - CBDMA/DMI,Part1 (2nd x4),0,0,0,0
Socket2,IIO Stack 0 - CBDMA/DMI,Part2 (2nd x8/3rd x4),0,0,0,0
Socket2,IIO Stack 0 - CBDMA/DMI,Part3 (4th x4),0,0,0,0
Socket2,IIO Stack 1 - PCIe0,Part0 (1st x16/x8/x4),0,0,0,0,0,0,0,0,0,0,0
Socket2,IIO Stack 1 - PCIe0,Part1 (2nd x4),0,0,0,0
Socket2,IIO Stack 1 - PCIe0,Part2 (2nd x8/3rd x4),0,0,0,0
Socket2,IIO Stack 1 - PCIe0,Part3 (4th x4),0,0,0,0
Socket2,IIO Stack 2 - PCIe1,Part0 (1st x16/x8/x4),0,0,0,0,0,0,0,0,0,0,0
Socket2,IIO Stack 2 - PCIe1,Part1 (2nd x4),0,0,0,0
Socket2,IIO Stack 2 - PCIe1,Part2 (2nd x8/3rd x4),0,0,0,0
Socket2,IIO Stack 2 - PCIe1,Part3 (4th x4),0,0,0,0
Socket2,IIO Stack 3 - PCIe2,Part0 (1st x16/x8/x4),0,0,0,0,0,0,0,0,0,0,0
Socket2,IIO Stack 3 - PCIe2,Part1 (2nd x4),0,0,0,0
Socket2,IIO Stack 3 - PCIe2,Part2 (2nd x8/3rd x4),0,0,0,0
Socket2,IIO Stack 3 - PCIe2,Part3 (4th x4),0,0,0,0
Socket2,IIO Stack 4 - MCP0,Part0 (1st x16/x8/x4),0,0,0,0,0,0,0,0,0,0,0
Socket2,IIO Stack 4 - MCP0,Part1 (2nd x4),0,0,0,0
Socket2,IIO Stack 4 - MCP0,Part2 (2nd x8/3rd x4),0,0,0,0
Socket2,IIO Stack 4 - MCP0,Part3 (4th x4),0,0,0,0
Socket2,IIO Stack 5 - MCP1,Part0 (1st x16/x8/x4),0,0,0,0,0,0,0,0,0,0,0
Socket2,IIO Stack 5 - MCP1,Part1 (2nd x4),0,0,0,0
Socket2,IIO Stack 5 - MCP1,Part2 (2nd x8/3rd x4),0,0,0,0
Socket2,IIO Stack 5 - MCP1,Part3 (4th x4),0,0,0,0
Socket3,IIO Stack 0 - CBDMA/DMI,Part0 (1st x16/x8/x4),0,0,0,0,0,0,0,0,0,0,0
Socket3,IIO Stack 0 - CBDMA/DMI,Part1 (2nd x4),0,0,0,0
Socket3,IIO Stack 0 - CBDMA/DMI,Part2 (2nd x8/3rd x4),0,0,0,0
Socket3,IIO Stack 0 - CBDMA/DMI,Part3 (4th x4),0,0,0,0
Socket3,IIO Stack 1 - PCIe0,Part0 (1st x16/x8/x4),0,0,0,0,0,0,0,0,0,0,0
Socket3,IIO Stack 1 - PCIe0,Part1 (2nd x4),0,0,0,0
Socket3,IIO Stack 1 - PCIe0,Part2 (2nd x8/3rd x4),0,0,0,0
Socket3,IIO Stack 1 - PCIe0,Part3 (4th x4),0,0,0,0
Socket3,IIO Stack 2 - PCIe1,Part0 (1st x16/x8/x4),0,0,0,0,0,0,0,0,0,0,0
Socket3,IIO Stack 2 - PCIe1,Part1 (2nd x4),0,0,0,0
Socket3,IIO Stack 2 - PCIe1,Part2 (2nd x8/3rd x4),0,0,0,0
Socket3,IIO Stack 2 - PCIe1,Part3 (4th x4),0,0,0,0
Socket3,IIO Stack 3 - PCIe2,Part0 (1st x16/x8/x4),0,0,0,0,0,0,0,0,0,0,0
Socket3,IIO Stack 3 - PCIe2,Part1 (2nd x4),0,0,0,0
Socket3,IIO Stack 3 - PCIe2,Part2 (2nd x8/3rd x4),0,0,0,0
Socket3,IIO Stack 3 - PCIe2,Part3 (4th x4),0,0,0,0
Socket3,IIO Stack 4 - MCP0,Part0 (1st x16/x8/x4),0,0,0,0,0,0,0,0,0,0,0
Socket3,IIO Stack 4 - MCP0,Part1 (2nd x4),0,0,0,0
Socket3,IIO Stack 4 - MCP0,Part2 (2nd x8/3rd x4),0,0,0,0
Socket3,IIO Stack 4 - MCP0,Part3 (4th x4),0,0,0,0
Socket3,IIO Stack 5 - MCP1,Part0 (1st x16/x8/x4),0,0,0,0,0,0,0,0,0,0,0
Socket3,IIO Stack 5 - MCP1,Part1 (2nd x4),0,0,0,0
Socket3,IIO Stack 5 - MCP1,Part2 (2nd x8/3rd x4),0,0,0,0
Socket3,IIO Stack 5 - MCP1,Part3 (4th x4),0,0,0,0
Socket,Name,Part,IB write (bytes),IB read (bytes),OB read (bytes),OB write (bytes),IOTLB Hit,IOTLB Miss,VT-d CTXT Miss,VT-d L1 Miss,VT-d L2 Miss,VT-d L3 Miss,VT-d Mem Read
Socket0,IIO Stack 0 - CBDMA/DMI,Part0 (1st x16/x8/x4),0,0,0,0,1000,93,0,0,0,0,23
Socket0,IIO Stack 0 - CBDMA/DMI,Part1 (2nd x4),5488,0,0,186
Socket0,IIO Stack 0 - CBDMA/DMI,Part2 (2nd x8/3rd x4),0,0,0,0
Socket0,IIO Stack 0 - CBDMA/DMI,Part3 (4th x4),0,0,0,0
Socket0,IIO Stack 1 - PCIe0,Part0 (1st x16/x8/x4),0,0,0,0,0,0,0,0,0,0,0
Socket0,IIO Stack 1 - PCIe0,Part1 (2nd x4),0,0,0,0
Socket0,IIO Stack 1 - PCIe0,Part2 (2nd x8/3rd x4),0,0,0,0
Socket0,IIO Stack 1 - PCIe0,Part3 (4th x4),0,0,0,0
Socket0,IIO Stack 2 - PCIe1,Part0 (1st x16/x8/x4),0,1290418,0,0,20116,0,0,0,0,0,0
Socket0,IIO Stack 2 - PCIe1,Part1 (2nd x4),0,0,0,0
Socket0,IIO Stack 2 - PCIe1,Part2 (2nd x8/3rd x4),0,0,0,0
Socket0,IIO Stack 2 - PCIe1,Part3 (4th x4),0,0,0,0
Socket0,IIO Stack 3 - PCIe2,Part0 (1st x16/x8/x4),0,0,0,558,0,0,0,0,0,0,0
Socket0,IIO Stack 3 - PCIe2,Part1 (2nd x4),0,0,0,0
Socket0,IIO Stack 3 - PCIe2,Part2 (2nd x8/3rd x4),0,0,0,0
Socket0,IIO Stack 3 - PCIe2,Part3 (4th x4),0,0,0,0
Socket0,IIO Stack 4 - MCP0,Part0 (1st x16/x8/x4),0,0,0,0,0,0,0,0,0,0,0
Socket0,IIO Stack 4 - MCP0,Part1 (2nd x4),0,0,0,0
Socket0,IIO Stack 4 - MCP0,Part2 (2nd x8/3rd x4),0,0,0,0
Socket0,IIO Stack 4 - MCP0,Part3 (4th x4),0,0,0,0
Socket0,IIO Stack 5 - MCP1,Part0 (1st x16/x8/x4),0,0,0,0,0,0,0,0,0,0,0
Socket0,IIO Stack 5 - MCP1,Part1 (2nd x4),0,0,0,0
Socket0,IIO Stack 5 - MCP1,Part2 (2nd x8/3rd x4),0,0,0,0
Socket0,IIO Stack 5 - MCP1,Part3 (4th x4),0,0,0,0
Socket1,IIO Stack 0 - CBDMA/DMI,Part0 (1st x16/x8/x4),0,0,0,0,0,0,0,0,0,0,0
Socket1,IIO Stack 0 - CBDMA/DMI,Part1 (2nd x4),0,0,0,0
Socket1,IIO Stack 0 - CBDMA/DMI,Part2 (2nd x8/3rd x4),0,0,0,0
Socket1,IIO Stack 0 - CBDMA/DMI,Part3 (4th x4),0,0,0,0
Socket1,IIO Stack 1 - PCIe0,Part0 (1st x16/x8/x4),0,0,0,0,0,0,0,0,0,0,0
Socket1,IIO Stack 1 - PCIe0,Part1 (2nd x4),0,0,0,0
Socket1,IIO Stack 1 - PCIe0,Part2 (2nd x8/3rd x4),0,0,0,0
Socket1,IIO Stack 1 - PCIe0,Part3 (4th x4),0,0,0,0
Socket1,IIO Stack 2 - PCIe1,Part0 (1st x16/x8/x4),0,0,0,0,0,0,0,0,0,0,0
Socket1,IIO Stack 2 - PCIe1,Part1 (2nd x4),0,0,0,0
Socket1,IIO Stack 2 - PCIe1,Part2 (2nd x8/3rd x4),0,0,0,0
Socket1,IIO Stack 2 - PCIe1,Part3 (4th x4),0,0,0,0
Socket1,IIO Stack 3 - PCIe2,Part0 (1st x16/x8/x4),0,0,0,0,0,0,0,0,0,0,0
Socket1,IIO Stack 3 - PCIe2,Part1 (2nd x4),0,0,0,0
Socket1,IIO Stack 3 - PCIe2,Part2 (2nd x8/3rd x4),0,0,0,0
Socket1,IIO Stack 3 - PCIe2,Part3 (4th x4),0,0,0,0
Socket1,IIO Stack 4 - MCP0,Part0 (1st x16/x8/x4),0,0,0,0,0,0,0,0,0,0,0
Socket1,IIO Stack 4 - MCP0,Part1 (2nd x4),0,0,0,0
Socket1,IIO Stack 4 - MCP0,Part2 (2nd x8/3rd x4),0,0,0,0
Socket1,IIO Stack 4 - MCP0,Part3 (4th x4),0,0,0,0
Socket1,IIO Stack 5 - MCP1,Part0 (1st x16/x8/x4),0,0,0,0,0,0,0,0,0,0,0
Socket1,IIO Stack 5 - MCP1,Part1 (2nd x4),0,0,0,0
Socket1,IIO Stack 5 - MCP1,Part2 (2nd x8/3rd x4),0,0,0,0
Socket1,IIO Stack 5 - MCP1,Part3 (4th x4),0,0,0,0
Socket2,IIO Stack 0 - CBDMA/DMI,Part0 (1st x16/x8/x4),0,0,0,0,0,0,0,0,0,0,0
Socket2,IIO Stack 0 - CBDMA/DMI,Part1 (2nd x4),0,0,0,0
Socket2,IIO Stack 0 - CBDMA/DMI,Part2 (2nd x8/3rd x4),0,0,0,0
Socket2,IIO Stack 0 - CBDMA/DMI,Part3 (4th x4),0,0,0,0
Socket2,IIO Stack 1 - PCIe0,Part0 (1st x16/x8/x4),0,0,0,0,0,0,0,0,0,0,0
Socket2,IIO Stack 1 - PCIe0,Part1 (2nd x4),0,0,0,0
Socket2,IIO Stack 1 - PCIe0,Part2 (2nd x8/3rd x4),0,0,0,0
Socket2,IIO Stack 1 - PCIe0,Part3 (4th x4),0,0,0,0
Socket2,IIO Stack 2 - PCIe1,Part0 (1st x16/x8/x4),0,0,0,0,0,0,0,0,0,0,0
Socket2,IIO Stack 2 - PCIe1,Part1 (2nd x4),0,0,0,0
Socket2,IIO Stack 2 - PCIe1,Part2 (2nd x8/3rd x4),0,0,0,0
Socket2,IIO Stack 2 - PCIe1,Part3 (4th x4),0,0,0,0
Socket2,IIO Stack 3 - PCIe2,Part0 (1st x16/x8/x4),0,0,0,0,0,0,0,0,0,0,0
Socket2,IIO Stack 3 - PCIe2,Part1 (2nd x4),0,0,0,0
Socket2,IIO Stack 3 - PCIe2,Part2 (2nd x8/3rd x4),0,0,0,0
Socket2,IIO Stack 3 - PCIe2,Part3 (4th x4),0,0,0,0
Socket2,IIO Stack 4 - MCP0,Part0 (1st x16/x8/x4),0,0,0,0,0,0,0,0,0,0,0
Socket2,IIO Stack 4 - MCP0,Part1 (2nd x4),0,0,0,0
Socket2,IIO Stack 4 - MCP0,Part2 (2nd x8/3rd x4),0,0,0,0
Socket2,IIO Stack 4 - MCP0,Part3 (4th x4),0,0,0,0
Socket2,IIO Stack 5 - MCP1,Part0 (1st x16/x8/x4),0,0,0,0,0,0,0,0,0,0,0
Socket2,IIO Stack 5 - MCP1,Part1 (2nd x4),0,0,0,0
Socket2,IIO Stack 5 - MCP1,Part2 (2nd x8/3rd x4),0,0,0,0
Socket2,IIO Stack 5 - MCP1,Part3 (4th x4),0,0,0,0
Socket3,IIO Stack 0 - CBDMA/DMI,Part0 (1st x16/x8/x4),0,0,0,0,0,0,0,0,0,0,0
Socket3,IIO Stack 0 - CBDMA/DMI,Part1 (2nd x4),0,0,0,0
Socket3,IIO Stack 0 - CBDMA/DMI,Part2 (2nd x8/3rd x4),0,0,0,0
Socket3,IIO Stack 0 - CBDMA/DMI,Part3 (4th x4),0,0,0,0
Socket3,IIO Stack 1 - PCIe0,Part0 (1st x16/x8/x4),0,0,0,0,0,0,0,0,0,0,0
Socket3,IIO Stack 1 - PCIe0,Part1 (2nd x4),0,0,0,0
Socket3,IIO Stack 1 - PCIe0,Part2 (2nd x8/3rd x4),0,0,0,0
Socket3,IIO Stack 1 - PCIe0,Part3 (4th x4),0,0,0,0
Socket3,IIO Stack 2 - PCIe1,Part0 (1st x16/x8/x4),0,0,0,0,0,0,0,0,0,0,0
Socket3,IIO Stack 2 - PCIe1,Part1 (2nd x4),0,0,0,0
Socket3,IIO Stack 2 - PCIe1,Part2 (2nd x8/3rd x4),0,0,0,0
Socket3,IIO Stack 2 - PCIe1,Part3 (4th x4),0,0,0,0
Socket3,IIO Stack 3 - PCIe2,Part0 (1st x16/x8/x4),0,0,0,0,0,0,0,0,0,0,0
Socket3,IIO Stack 3 - PCIe2,Part1 (2nd x4),0,0,0,0
Socket3,IIO Stack 3 - PCIe2,Part2 (2nd x8/3rd x4),0,0,0,0
Socket3,IIO Stack 3 - PCIe2,Part3 (4th x4),0,0,0,0
Socket3,IIO Stack 4 - MCP0,Part0 (1st x16/x8/x4),0,0,0,0,0,0,0,0,0,0,0
Socket3,IIO Stack 4 - MCP0,Part1 (2nd x4),0,0,0,0
Socket3,IIO Stack 4 - MCP0,Part2 (2nd x8/3rd x4),0,0,0,0
Socket3,IIO Stack 4 - MCP0,Part3 (4th x4),0,0,0,0
Socket3,IIO Stack 5 - MCP1,Part0 (1st x16/x8/x4),0,0,0,0,0,0,0,0,0,0,0
Socket3,IIO Stack 5 - MCP1,Part1 (2nd x4),0,0,0,0
Socket3,IIO Stack 5 - MCP1,Part2 (2nd x8/3rd x4),0,0,0,0
Socket3,IIO Stack 5 - MCP1,Part3 (4th x4),0,0,0,0
Socket,Name,Part,IB write (bytes),IB read (bytes),OB read (bytes),OB write (bytes),IOTLB Hit,IOTLB Miss,VT-d CTXT Miss,VT-d L1 Miss,VT-d L2 Miss,VT-d L3 Miss,VT-d Mem Read
Socket0,IIO Stack 0 - CBDMA/DMI,Part0 (1st x16/x8/x4),0,0,0,0,69,0,0,0,0,0,0
Socket0,IIO Stack 0 - CBDMA/DMI,Part1 (2nd x4),3534,0,0,372
Socket0,IIO Stack 0 - CBDMA/DMI,Part2 (2nd x8/3rd x4),0,0,0,0
Socket0,IIO Stack 0 - CBDMA/DMI,Part3 (4th x4),0,0,0,0
Socket0,IIO Stack 1 - PCIe0,Part0 (1st x16/x8/x4),0,0,0,0,0,0,0,0,0,0,0
Socket0,IIO Stack 1 - PCIe0,Part1 (2nd x4),0,0,0,0
Socket0,IIO Stack 1 - PCIe0,Part2 (2nd x8/3rd x4),0,0,0,0
Socket0,IIO Stack 1 - PCIe0,Part3 (4th x4),0,0,0,0
Socket0,IIO Stack 2 - PCIe1,Part0 (1st x16/x8/x4),1488,1290418,0,0,20139,0,0,0,0,0,0
Socket0,IIO Stack 2 - PCIe1,Part1 (2nd x4),0,0,0,0
Socket0,IIO Stack 2 - PCIe1,Part2 (2nd x8/3rd x4),0,0,0,0
Socket0,IIO Stack 2 - PCIe1,Part3 (4th x4),0,0,0,0
Socket0,IIO Stack 3 - PCIe2,Part0 (1st x16/x8/x4),0,0,0,0,0,0,0,0,0,0,0
Socket0,IIO Stack 3 - PCIe2,Part1 (2nd x4),0,0,0,0
Socket0,IIO Stack 3 - PCIe2,Part2 (2nd x8/3rd x4),0,0,0,0
Socket0,IIO Stack 3 - PCIe2,Part3 (4th x4),0,0,0,0
Socket0,IIO Stack 4 - MCP0,Part0 (1st x16/x8/x4),0,0,0,0,0,0,0,0,0,0,0
Socket0,IIO Stack 4 - MCP0,Part1 (2nd x4),0,0,0,0
Socket0,IIO Stack 4 - MCP0,Part2 (2nd x8/3rd x4),0,0,0,0
Socket0,IIO Stack 4 - MCP0,Part3 (4th x4),0,0,0,0
Socket0,IIO Stack 5 - MCP1,Part0 (1st x16/x8/x4),0,0,0,0,0,0,0,0,0,0,0
Socket0,IIO Stack 5 - MCP1,Part1 (2nd x4),0,0,0,0
Socket0,IIO Stack 5 - MCP1,Part2 (2nd x8/3rd x4),0,0,0,0
Socket0,IIO Stack 5 - MCP1,Part3 (4th x4),0,0,0,0
Socket1,IIO Stack 0 - CBDMA/DMI,Part0 (1st x16/x8/x4),0,0,0,0,0,0,0,0,0,0,0
Socket1,IIO Stack 0 - CBDMA/DMI,Part1 (2nd x4),0,0,0,0
Socket1,IIO Stack 0 - CBDMA/DMI,Part2 (2nd x8/3rd x4),0,0,0,0
Socket1,IIO Stack 0 - CBDMA/DMI,Part3 (4th x4),0,0,0,0
Socket1,IIO Stack 1 - PCIe0,Part0 (1st x16/x8/x4),0,0,0,0,0,0,0,0,0,0,0
Socket1,IIO Stack 1 - PCIe0,Part1 (2nd x4),0,0,0,0
Socket1,IIO Stack 1 - PCIe0,Part2 (2nd x8/3rd x4),0,0,0,0
Socket1,IIO Stack 1 - PCIe0,Part3 (4th x4),0,0,0,0
Socket1,IIO Stack 2 - PCIe1,Part0 (1st x16/x8/x4),0,0,0,0,0,0,0,0,0,0,0
Socket1,IIO Stack 2 - PCIe1,Part1 (2nd x4),0,0,0,0
Socket1,IIO Stack 2 - PCIe1,Part2 (2nd x8/3rd x4),0,0,0,0
Socket1,IIO Stack 2 - PCIe1,Part3 (4th x4),0,0,0,0
Socket1,IIO Stack 3 - PCIe2,Part0 (1st x16/x8/x4),0,0,0,0,0,0,0,0,0,0,0
Socket1,IIO Stack 3 - PCIe2,Part1 (2nd x4),0,0,0,0
Socket1,IIO Stack 3 - PCIe2,Part2 (2nd x8/3rd x4),0,0,0,0
Socket1,IIO Stack 3 - PCIe2,Part3 (4th x4),0,0,0,0
Socket1,IIO Stack 4 - MCP0,Part0 (1st x16/x8/x4),0,0,0,0,0,0,0,0,0,0,0
Socket1,IIO Stack 4 - MCP0,Part1 (2nd x4),0,0,0,0
Socket1,IIO Stack 4 - MCP0,Part2 (2nd x8/3rd x4),0,0,0,0
Socket1,IIO Stack 4 - MCP0,Part3 (4th x4),0,0,0,0
Socket1,IIO Stack 5 - MCP1,Part0 (1st x16/x8/x4),0,0,0,0,0,0,0,0,0,0,0
Socket1,IIO Stack 5 - MCP1,Part1 (2nd x4),0,0,0,0
Socket1,IIO Stack 5 - MCP1,Part2 (2nd x8/3rd x4),0,0,0,0
Socket1,IIO Stack 5 - MCP1,Part3 (4th x4),0,0,0,0
Socket2,IIO Stack 0 - CBDMA/DMI,Part0 (1st x16/x8/x4),0,0,0,0,0,0,0,0,0,0,0
Socket2,IIO Stack 0 - CBDMA/DMI,Part1 (2nd x4),0,0,0,0
Socket2,IIO Stack 0 - CBDMA/DMI,Part2 (2nd x8/3rd x4),0,0,0,0
Socket2,IIO Stack 0 - CBDMA/DMI,Part3 (4th x4),0,0,0,0
Socket2,IIO Stack 1 - PCIe0,Part0 (1st x16/x8/x4),0,0,0,0,0,0,0,0,0,0,0
Socket2,IIO Stack 1 - PCIe0,Part1 (2nd x4),0,0,0,0
Socket2,IIO Stack 1 - PCIe0,Part2 (2nd x8/3rd x4),0,0,0,0
Socket2,IIO Stack 1 - PCIe0,Part3 (4th x4),0,0,0,0
Socket2,IIO Stack 2 - PCIe1,Part0 (1st x16/x8/x4),0,0,0,0,0,0,0,0,0,0,0
Socket2,IIO Stack 2 - PCIe1,Part1 (2nd x4),0,0,0,0
Socket2,IIO Stack 2 - PCIe1,Part2 (2nd x8/3rd x4),0,0,0,0
Socket2,IIO Stack 2 - PCIe1,Part3 (4th x4),0,0,0,0
Socket2,IIO Stack 3 - PCIe2,Part0 (1st x16/x8/x4),0,0,0,0,0,0,0,0,0,0,0
Socket2,IIO Stack 3 - PCIe2,Part1 (2nd x4),0,0,0,0
Socket2,IIO Stack 3 - PCIe2,Part2 (2nd x8/3rd x4),0,0,0,0
Socket2,IIO Stack 3 - PCIe2,Part3 (4th x4),0,0,0,0
Socket2,IIO Stack 4 - MCP0,Part0 (1st x16/x8/x4),0,0,0,0,0,0,0,0,0,0,0
Socket2,IIO Stack 4 - MCP0,Part1 (2nd x4),0,0,0,0
Socket2,IIO Stack 4 - MCP0,Part2 (2nd x8/3rd x4),0,0,0,0
Socket2,IIO Stack 4 - MCP0,Part3 (4th x4),0,0,0,0
Socket2,IIO Stack 5 - MCP1,Part0 (1st x16/x8/x4),0,0,0,0,0,0,0,0,0,0,0
Socket2,IIO Stack 5 - MCP1,Part1 (2nd x4),0,0,0,0
Socket2,IIO Stack 5 - MCP1,Part2 (2nd x8/3rd x4),0,0,0,0
Socket2,IIO Stack 5 - MCP1,Part3 (4th x4),0,0,0,0
Socket3,IIO Stack 0 - CBDMA/DMI,Part0 (1st x16/x8/x4),0,0,0,0,0,0,0,0,0,0,0
Socket3,IIO Stack 0 - CBDMA/DMI,Part1 (2nd x4),0,0,0,0
Socket3,IIO Stack 0 - CBDMA/DMI,Part2 (2nd x8/3rd x4),0,0,0,0
Socket3,IIO Stack 0 - CBDMA/DMI,Part3 (4th x4),0,0,0,0
Socket3,IIO Stack 1 - PCIe0,Part0 (1st x16/x8/x4),0,0,0,0,0,0,0,0,0,0,0
Socket3,IIO Stack 1 - PCIe0,Part1 (2nd x4),0,0,0,0
Socket3,IIO Stack 1 - PCIe0,Part2 (2nd x8/3rd x4),0,0,0,0
Socket3,IIO Stack 1 - PCIe0,Part3 (4th x4),0,0,0,0
Socket3,IIO Stack 2 - PCIe1,Part0 (1st x16/x8/x4),0,0,0,0,0,0,0,0,0,0,0
Socket3,IIO Stack 2 - PCIe1,Part1 (2nd x4),0,0,0,0
Socket3,IIO Stack 2 - PCIe1,Part2 (2nd x8/3rd x4),0,0,0,0
Socket3,IIO Stack 2 - PCIe1,Part3 (4th x4),0,0,0,0
Socket3,IIO Stack 3 - PCIe2,Part0 (1st x16/x8/x4),0,0,0,0,0,0,0,0,0,0,0
Socket3,IIO Stack 3 - PCIe2,Part1 (2nd x4),0,0,0,0
Socket3,IIO Stack 3 - PCIe2,Part2 (2nd x8/3rd x4),0,0,0,0
Socket3,IIO Stack 3 - PCIe2,Part3 (4th x4),0,0,0,0
Socket3,IIO Stack 4 - MCP0,Part0 (1st x16/x8/x4),0,0,0,0,0,0,0,0,0,0,0
Socket3,IIO Stack 4 - MCP0,Part1 (2nd x4),0,0,0,0
Socket3,IIO Stack 4 - MCP0,Part2 (2nd x8/3rd x4),0,0,0,0
Socket3,IIO Stack 4 - MCP0,Part3 (4th x4),0,0,0,0
Socket3,IIO Stack 5 - MCP1,Part0 (1st x16/x8/x4),0,0,0,0,0,0,0,0,0,0,0
Socket3,IIO Stack 5 - MCP1,Part1 (2nd x4),0,0,0,0
Socket3,IIO Stack 5 - MCP1,Part2 (2nd x8/3rd x4),0,0,0,0
Socket3,IIO Stack 5 - MCP1,Part3 (4th x4),0,0,0,0
Socket,Name,Part,IB write (bytes),IB read (bytes),OB read (bytes),OB write (bytes),IOTLB Hit,IOTLB Miss,VT-d CTXT Miss,VT-d L1 Miss,VT-d L2 Miss,VT-d L3 Miss,VT-d Mem Read
Socket0,IIO Stack 0 - CBDMA/DMI,Part0 (1st x16/x8/x4),0,0,0,0,0,0,0,0,0,0,0
Socket0,IIO Stack 0 - CBDMA/DMI,Part1 (2nd x4),7069,0,0,186
Socket0,IIO Stack 0 - CBDMA/DMI,Part2 (2nd x8/3rd x4),0,0,0,0
Socket0,IIO Stack 0 - CBDMA/DMI,Part3 (4th x4),0,0,0,0
Socket0,IIO Stack 1 - PCIe0,Part0 (1st x16/x8/x4),0,0,0,0,0,0,0,0,0,0,0
Socket0,IIO Stack 1 - PCIe0,Part1 (2nd x4),0,0,0,0
Socket0,IIO Stack 1 - PCIe0,Part2 (2nd x8/3rd x4),0,0,0,0
Socket0,IIO Stack 1 - PCIe0,Part3 (4th x4),0,0,0,0
Socket0,IIO Stack 2 - PCIe1,Part0 (1st x16/x8/x4),0,1291906,0,0,20162,0,0,0,0,0,0
Socket0,IIO Stack 2 - PCIe1,Part1 (2nd x4),0,0,0,0
Socket0,IIO Stack 2 - PCIe1,Part2 (2nd x8/3rd x4),0,0,0,0
Socket0,IIO Stack 2 - PCIe1,Part3 (4th x4),0,0,0,0
Socket0,IIO Stack 3 - PCIe2,Part0 (1st x16/x8/x4),0,0,0,0,0,0,0,0,0,0,0
Socket0,IIO Stack 3 - PCIe2,Part1 (2nd x4),0,0,0,0
Socket0,IIO Stack 3 - PCIe2,Part2 (2nd x8/3rd x4),0,0,0,0
Socket0,IIO Stack 3 - PCIe2,Part3 (4th x4),0,0,0,0
Socket0,IIO Stack 4 - MCP0,Part0 (1st x16/x8/x4),0,0,0,0,0,0,0,0,0,0,0
Socket0,IIO Stack 4 - MCP0,Part1 (2nd x4),0,0,0,0
Socket0,IIO Stack 4 - MCP0,Part2 (2nd x8/3rd x4),0,0,0,0
Socket0,IIO Stack 4 - MCP0,Part3 (4th x4),0,0,0,0
Socket0,IIO Stack 5 - MCP1,Part0 (1st x16/x8/x4),0,0,0,0,0,0,0,0,0,0,0
Socket0,IIO Stack 5 - MCP1,Part1 (2nd x4),0,0,0,0
Socket0,IIO Stack 5 - MCP1,Part2 (2nd x8/3rd x4),0,0,0,0
Socket0,IIO Stack 5 - MCP1,Part3 (4th x4),0,0,0,0
Socket1,IIO Stack 0 - CBDMA/DMI,Part0 (1st x16/x8/x4),0,0,0,0,0,0,0,0,0,0,0
Socket1,IIO Stack 0 - CBDMA/DMI,Part1 (2nd x4),0,0,0,0
Socket1,IIO Stack 0 - CBDMA/DMI,Part2 (2nd x8/3rd x4),0,0,0,0
Socket1,IIO Stack 0 - CBDMA/DMI,Part3 (4th x4),0,0,0,0
Socket1,IIO Stack 1 - PCIe0,Part0 (1st x16/x8/x4),0,0,0,0,0,0,0,0,0,0,0
Socket1,IIO Stack 1 - PCIe0,Part1 (2nd x4),0,0,0,0
Socket1,IIO Stack 1 - PCIe0,Part2 (2nd x8/3rd x4),0,0,0,0
Socket1,IIO Stack 1 - PCIe0,Part3 (4th x4),0,0,0,0
Socket1,IIO Stack 2 - PCIe1,Part0 (1st x16/x8/x4),0,0,0,0,0,0,0,0,0,0,0
Socket1,IIO Stack 2 - PCIe1,Part1 (2nd x4),0,0,0,0
Socket1,IIO Stack 2 - PCIe1,Part2 (2nd x8/3rd x4),0,0,0,0
Socket1,IIO Stack 2 - PCIe1,Part3 (4th x4),0,0,0,0
Socket1,IIO Stack 3 - PCIe2,Part0 (1st x16/x8/x4),0,0,0,0,0,0,0,0,0,0,0
Socket1,IIO Stack 3 - PCIe2,Part1 (2nd x4),0,0,0,0
Socket1,IIO Stack 3 - PCIe2,Part2 (2nd x8/3rd x4),0,0,0,0
Socket1,IIO Stack 3 - PCIe2,Part3 (4th x4),0,0,0,0
Socket1,IIO Stack 4 - MCP0,Part0 (1st x16/x8/x4),0,0,0,0,0,0,0,0,0,0,0
Socket1,IIO Stack 4 - MCP0,Part1 (2nd x4),0,0,0,0
Socket1,IIO Stack 4 - MCP0,Part2 (2nd x8/3rd x4),0,0,0,0
Socket1,IIO Stack 4 - MCP0,Part3 (4th x4),0,0,0,0
Socket1,IIO Stack 5 - MCP1,Part0 (1st x16/x8/x4),0,0,0,0,0,0,0,0,0,0,0
Socket1,IIO Stack 5 - MCP1,Part1 (2nd x4),0,0,0,0
Socket1,IIO Stack 5 - MCP1,Part2 (2nd x8/3rd x4),0,0,0,0
Socket1,IIO Stack 5 - MCP1,Part3 (4th x4),0,0,0,0
Socket2,IIO Stack 0 - CBDMA/DMI,Part0 (1st x16/x8/x4),0,0,0,0,0,0,0,0,0,0,0
Socket2,IIO Stack 0 - CBDMA/DMI,Part1 (2nd x4),0,0,0,0
Socket2,IIO Stack 0 - CBDMA/DMI,Part2 (2nd x8/3rd x4),0,0,0,0
Socket2,IIO Stack 0 - CBDMA/DMI,Part3 (4th x4),0,0,0,0
Socket2,IIO Stack 1 - PCIe0,Part0 (1st x16/x8/x4),0,0,0,0,0,0,0,0,0,0,0
Socket2,IIO Stack 1 - PCIe0,Part1 (2nd x4),0,0,0,0
Socket2,IIO Stack 1 - PCIe0,Part2 (2nd x8/3rd x4),0,0,0,0
Socket2,IIO Stack 1 - PCIe0,Part3 (4th x4),0,0,0,0
Socket2,IIO Stack 2 - PCIe1,Part0 (1st x16/x8/x4),0,0,0,0,0,0,0,0,0,0,0
Socket2,IIO Stack 2 - PCIe1,Part1 (2nd x4),0,0,0,0
Socket2,IIO Stack 2 - PCIe1,Part2 (2nd x8/3rd x4),0,0,0,0
Socket2,IIO Stack 2 - PCIe1,Part3 (4th x4),0,0,0,0
Socket2,IIO Stack 3 - PCIe2,Part0 (1st x16/x8/x4),0,0,0,0,0,0,0,0,0,0,0
Socket2,IIO Stack 3 - PCIe2,Part1 (2nd x4),0,0,0,0
Socket2,IIO Stack 3 - PCIe2,Part2 (2nd x8/3rd x4),0,0,0,0
Socket2,IIO Stack 3 - PCIe2,Part3 (4th x4),0,0,0,0
Socket2,IIO Stack 4 - MCP0,Part0 (1st x16/x8/x4),0,0,0,0,0,0,0,0,0,0,0
Socket2,IIO Stack 4 - MCP0,Part1 (2nd x4),0,0,0,0
Socket2,IIO Stack 4 - MCP0,Part2 (2nd x8/3rd x4),0,0,0,0
Socket2,IIO Stack 4 - MCP0,Part3 (4th x4),0,0,0,0
Socket2,IIO Stack 5 - MCP1,Part0 (1st x16/x8/x4),0,0,0,0,0,0,0,0,0,0,0
Socket2,IIO Stack 5 - MCP1,Part1 (2nd x4),0,0,0,0
Socket2,IIO Stack 5 - MCP1,Part2 (2nd x8/3rd x4),0,0,0,0
Socket2,IIO Stack 5 - MCP1,Part3 (4th x4),0,0,0,0
Socket3,IIO Stack 0 - CBDMA/DMI,Part0 (1st x16/x8/x4),0,0,0,0,0,0,0,0,0,0,0
Socket3,IIO Stack 0 - CBDMA/DMI,Part1 (2nd x4),0,0,0,0
Socket3,IIO Stack 0 - CBDMA/DMI,Part2 (2nd x8/3rd x4),0,0,0,0
Socket3,IIO Stack 0 - CBDMA/DMI,Part3 (4th x4),0,0,0,0
Socket3,IIO Stack 1 - PCIe0,Part0 (1st x16/x8/x4),0,0,0,0,0,0,0,0,0,0,0
Socket3,IIO Stack 1 - PCIe0,Part1 (2nd x4),0,0,0,0
Socket3,IIO Stack 1 - PCIe0,Part2 (2nd x8/3rd x4),0,0,0,0
Socket3,IIO Stack 1 - PCIe0,Part3 (4th x4),0,0,0,0
Socket3,IIO Stack 2 - PCIe1,Part0 (1st x16/x8/x4),0,0,0,0,0,0,0,0,0,0,0
Socket3,IIO Stack 2 - PCIe1,Part1 (2nd x4),0,0,0,0
Socket3,IIO Stack 2 - PCIe1,Part2 (2nd x8/3rd x4),0,0,0,0
Socket3,IIO Stack 2 - PCIe1,Part3 (4th x4),0,0,0,0
Socket3,IIO Stack 3 - PCIe2,Part0 (1st x16/x8/x4),0,0,0,0,0,0,0,0,0,0,0
Socket3,IIO Stack 3 - PCIe2,Part1 (2nd x4),0,0,0,0
Socket3,IIO Stack 3 - PCIe2,Part2 (2nd x8/3rd x4),0,0,0,0
Socket3,IIO Stack 3 - PCIe2,Part3 (4th x4),0,0,0,0
Socket3,IIO Stack 4 - MCP0,Part0 (1st x16/x8/x4),0,0,0,0,0,0,0,0,0,0,0
Socket3,IIO Stack 4 - MCP0,Part1 (2nd x4),0,0,0,0
Socket3,IIO Stack 4 - MCP0,Part2 (2nd x8/3rd x4),0,0,0,0
Socket3,IIO Stack 4 - MCP0,Part3 (4th x4),0,0,0,0
Socket3,IIO Stack 5 - MCP1,Part0 (1st x16/x8/x4),0,0,0,0,0,0,0,0,0,0,0
Socket3,IIO Stack 5 - MCP1,Part1 (2nd x4),0,0,0,0
Socket3,IIO Stack 5 - MCP1,Part2 (2nd x8/3rd x4),0,0,0,0
Socket3,IIO Stack 5 - MCP1,Part3 (4th x4),0,0,0,0
Socket,Name,Part,IB write (bytes),IB read (bytes),OB read (bytes),OB write (bytes),IOTLB Hit,IOTLB Miss,VT-d CTXT Miss,VT-d L1 Miss,VT-d L2 Miss,VT-d L3 Miss,VT-d Mem Read
Socket0,IIO Stack 0 - CBDMA/DMI,Part0 (1st x16/x8/x4),0,0,0,0,69,0,0,0,0,0,0
Socket0,IIO Stack 0 - CBDMA/DMI,Part1 (2nd x4),1767,0,0,744
Socket0,IIO Stack 0 - CBDMA/DMI,Part2 (2nd x8/3rd x4),0,0,0,0
Socket0,IIO Stack 0 - CBDMA/DMI,Part3 (4th x4),476279,0,0,0
Socket0,IIO Stack 1 - PCIe0,Part0 (1st x16/x8/x4),0,0,0,0,0,0,0,0,0,0,0
Socket0,IIO Stack 1 - PCIe0,Part1 (2nd x4),0,0,0,0
Socket0,IIO Stack 1 - PCIe0,Part2 (2nd x8/3rd x4),0,0,0,0
Socket0,IIO Stack 1 - PCIe0,Part3 (4th x4),0,0,0,0
Socket0,IIO Stack 2 - PCIe1,Part0 (1st x16/x8/x4),0,1288930,0,0,20209,0,0,0,0,0,0
Socket0,IIO Stack 2 - PCIe1,Part1 (2nd x4),0,0,0,0
Socket0,IIO Stack 2 - PCIe1,Part2 (2nd x8/3rd x4),0,0,0,0
Socket0,IIO Stack 2 - PCIe1,Part3 (4th x4),0,0,0,0
Socket0,IIO Stack 3 - PCIe2,Part0 (1st x16/x8/x4),0,0,0,0,0,0,0,0,0,0,0
Socket0,IIO Stack 3 - PCIe2,Part1 (2nd x4),0,0,0,0
Socket0,IIO Stack 3 - PCIe2,Part2 (2nd x8/3rd x4),0,0,0,0
Socket0,IIO Stack 3 - PCIe2,Part3 (4th x4),0,0,0,0
Socket0,IIO Stack 4 - MCP0,Part0 (1st x16/x8/x4),0,0,0,0,0,0,0,0,0,0,0
Socket0,IIO Stack 4 - MCP0,Part1 (2nd x4),0,0,0,0
Socket0,IIO Stack 4 - MCP0,Part2 (2nd x8/3rd x4),0,0,0,0
Socket0,IIO Stack 4 - MCP0,Part3 (4th x4),0,0,0,0
Socket0,IIO Stack 5 - MCP1,Part0 (1st x16/x8/x4),0,0,0,0,0,0,0,0,0,0,0
Socket0,IIO Stack 5 - MCP1,Part1 (2nd x4),0,0,0,0
Socket0,IIO Stack 5 - MCP1,Part2 (2nd x8/3rd x4),0,0,0,0
Socket0,IIO Stack 5 - MCP1,Part3 (4th x4),0,0,0,0
Socket1,IIO Stack 0 - CBDMA/DMI,Part0 (1st x16/x8/x4),0,0,0,0,0,0,0,0,0,0,0
Socket1,IIO Stack 0 - CBDMA/DMI,Part1 (2nd x4),0,0,0,0
Socket1,IIO Stack 0 - CBDMA/DMI,Part2 (2nd x8/3rd x4),0,0,0,0
Socket1,IIO Stack 0 - CBDMA/DMI,Part3 (4th x4),0,0,0,0
Socket1,IIO Stack 1 - PCIe0,Part0 (1st x16/x8/x4),0,0,0,0,0,0,0,0,0,0,0
Socket1,IIO Stack 1 - PCIe0,Part1 (2nd x4),0,0,0,0
Socket1,IIO Stack 1 - PCIe0,Part2 (2nd x8/3rd x4),0,0,0,0
Socket1,IIO Stack 1 - PCIe0,Part3 (4th x4),0,0,0,0
Socket1,IIO Stack 2 - PCIe1,Part0 (1st x16/x8/x4),0,0,0,0,0,0,0,0,0,0,0
Socket1,IIO Stack 2 - PCIe1,Part1 (2nd x4),0,0,0,0
Socket1,IIO Stack 2 - PCIe1,Part2 (2nd x8/3rd x4),0,0,0,0
Socket1,IIO Stack 2 - PCIe1,Part3 (4th x4),0,0,0,0
Socket1,IIO Stack 3 - PCIe2,Part0 (1st x16/x8/x4),0,0,0,0,0,0,0,0,0,0,0
Socket1,IIO Stack 3 - PCIe2,Part1 (2nd x4),0,0,0,0
Socket1,IIO Stack 3 - PCIe2,Part2 (2nd x8/3rd x4),0,0,0,0
Socket1,IIO Stack 3 - PCIe2,Part3 (4th x4),0,0,0,0
Socket1,IIO Stack 4 - MCP0,Part0 (1st x16/x8/x4),0,0,0,0,0,0,0,0,0,0,0
Socket1,IIO Stack 4 - MCP0,Part1 (2nd x4),0,0,0,0
Socket1,IIO Stack 4 - MCP0,Part2 (2nd x8/3rd x4),0,0,0,0
Socket1,IIO Stack 4 - MCP0,Part3 (4th x4),0,0,0,0
Socket1,IIO Stack 5 - MCP1,Part0 (1st x16/x8/x4),0,0,0,0,0,0,0,0,0,0,0
Socket1,IIO Stack 5 - MCP1,Part1 (2nd x4),0,0,0,0
Socket1,IIO Stack 5 - MCP1,Part2 (2nd x8/3rd x4),0,0,0,0
Socket1,IIO Stack 5 - MCP1,Part3 (4th x4),0,0,0,0
Socket2,IIO Stack 0 - CBDMA/DMI,Part0 (1st x16/x8/x4),0,0,0,0,0,0,0,0,0,0,0
Socket2,IIO Stack 0 - CBDMA/DMI,Part1 (2nd x4),0,0,0,0
Socket2,IIO Stack 0 - CBDMA/DMI,Part2 (2nd x8/3rd x4),0,0,0,0
Socket2,IIO Stack 0 - CBDMA/DMI,Part3 (4th x4),0,0,0,0
Socket2,IIO Stack 1 - PCIe0,Part0 (1st x16/x8/x4),0,0,0,0,0,0,0,0,0,0,0
Socket2,IIO Stack 1 - PCIe0,Part1 (2nd x4),0,0,0,0
Socket2,IIO Stack 1 - PCIe0,Part2 (2nd x8/3rd x4),0,0,0,0
Socket2,IIO Stack 1 - PCIe0,Part3 (4th x4),0,0,0,0
Socket2,IIO Stack 2 - PCIe1,Part0 (1st x16/x8/x4),0,0,0,0,0,0,0,0,0,0,0
Socket2,IIO Stack 2 - PCIe1,Part1 (2nd x4),0,0,0,0
Socket2,IIO Stack 2 - PCIe1,Part2 (2nd x8/3rd x4),0,0,0,0
Socket2,IIO Stack 2 - PCIe1,Part3 (4th x4),0,0,0,0
Socket2,IIO Stack 3 - PCIe2,Part0 (1st x16/x8/x4),0,0,0,0,0,0,0,0,0,0,0
Socket2,IIO Stack 3 - PCIe2,Part1 (2nd x4),0,0,0,0
Socket2,IIO Stack 3 - PCIe2,Part2 (2nd x8/3rd x4),0,0,0,0
Socket2,IIO Stack 3 - PCIe2,Part3 (4th x4),0,0,0,0
Socket2,IIO Stack 4 - MCP0,Part0 (1st x16/x8/x4),0,0,0,0,0,0,0,0,0,0,0
Socket2,IIO Stack 4 - MCP0,Part1 (2nd x4),0,0,0,0
Socket2,IIO Stack 4 - MCP0,Part2 (2nd x8/3rd x4),0,0,0,0
Socket2,IIO Stack 4 - MCP0,Part3 (4th x4),0,0,0,0
Socket2,IIO Stack 5 - MCP1,Part0 (1st x16/x8/x4),0,0,0,0,0,0,0,0,0,0,0
Socket2,IIO Stack 5 - MCP1,Part1 (2nd x4),0,0,0,0
Socket2,IIO Stack 5 - MCP1,Part2 (2nd x8/3rd x4),0,0,0,0
Socket2,IIO Stack 5 - MCP1,Part3 (4th x4),0,0,0,0
Socket3,IIO Stack 0 - CBDMA/DMI,Part0 (1st x16/x8/x4),0,0,0,0,0,0,0,0,0,0,0
Socket3,IIO Stack 0 - CBDMA/DMI,Part1 (2nd x4),0,0,0,0
Socket3,IIO Stack 0 - CBDMA/DMI,Part2 (2nd x8/3rd x4),0,0,0,0
Socket3,IIO Stack 0 - CBDMA/DMI,Part3 (4th x4),0,0,0,0
Socket3,IIO Stack 1 - PCIe0,Part0 (1st x16/x8/x4),0,0,0,0,0,0,0,0,0,0,0
Socket3,IIO Stack 1 - PCIe0,Part1 (2nd x4),0,0,0,0
Socket3,IIO Stack 1 - PCIe0,Part2 (2nd x8/3rd x4),0,0,0,0
Socket3,IIO Stack 1 - PCIe0,Part3 (4th x4),0,0,0,0
Socket3,IIO Stack 2 - PCIe1,Part0 (1st x16/x8/x4),0,0,0,0,0,0,0,0,0,0,0
Socket3,IIO Stack 2 - PCIe1,Part1 (2nd x4),0,0,0,0
Socket3,IIO Stack 2 - PCIe1,Part2 (2nd x8/3rd x4),0,0,0,0
Socket3,IIO Stack 2 - PCIe1,Part3 (4th x4),0,0,0,0
Socket3,IIO Stack 3 - PCIe2,Part0 (1st x16/x8/x4),0,0,0,0,0,0,0,0,0,0,0
Socket3,IIO Stack 3 - PCIe2,Part1 (2nd x4),0,0,0,0
Socket3,IIO Stack 3 - PCIe2,Part2 (2nd x8/3rd x4),0,0,0,0
Socket3,IIO Stack 3 - PCIe2,Part3 (4th x4),0,0,0,0
Socket3,IIO Stack 4 - MCP0,Part0 (1st x16/x8/x4),0,0,0,0,0,0,0,0,0,0,0
Socket3,IIO Stack 4 - MCP0,Part1 (2nd x4),0,0,0,0
Socket3,IIO Stack 4 - MCP0,Part2 (2nd x8/3rd x4),0,0,0,0
Socket3,IIO Stack 4 - MCP0,Part3 (4th x4),0,0,0,0
Socket3,IIO Stack 5 - MCP1,Part0 (1st x16/x8/x4),0,0,0,0,0,0,0,0,0,0,0
Socket3,IIO Stack 5 - MCP1,Part1 (2nd x4),0,0,0,0
Socket3,IIO Stack 5 - MCP1,Part2 (2nd x8/3rd x4),0,0,0,0
Socket3,IIO Stack 5 - MCP1,Part3 (4th x4),0,0,0,0
Socket,Name,Part,IB write (bytes),IB read (bytes),OB read (bytes),OB write (bytes),IOTLB Hit,IOTLB Miss,VT-d CTXT Miss,VT-d L1 Miss,VT-d L2 Miss,VT-d L3 Miss,VT-d Mem Read
Socket0,IIO Stack 0 - CBDMA/DMI,Part0 (1st x16/x8/x4),0,0,0,0,0,0,0,0,0,0,116
Socket0,IIO Stack 0 - CBDMA/DMI,Part1 (2nd x4),1767,0,0,1488
Socket0,IIO Stack 0 - CBDMA/DMI,Part2 (2nd x8/3rd x4),0,0,0,0
Socket0,IIO Stack 0 - CBDMA/DMI,Part3 (4th x4),0,666790,0,0
Socket0,IIO Stack 1 - PCIe0,Part0 (1st x16/x8/x4),0,0,0,0,0,0,0,0,0,0,0
Socket0,IIO Stack 1 - PCIe0,Part1 (2nd x4),0,0,0,0
Socket0,IIO Stack 1 - PCIe0,Part2 (2nd x8/3rd x4),0,0,0,0
Socket0,IIO Stack 1 - PCIe0,Part3 (4th x4),0,0,0,0
Socket0,IIO Stack 2 - PCIe1,Part0 (1st x16/x8/x4),0,1311255,0,0,20162,0,0,0,0,0,93
Socket0,IIO Stack 2 - PCIe1,Part1 (2nd x4),0,0,0,0
Socket0,IIO Stack 2 - PCIe1,Part2 (2nd x8/3rd x4),0,0,0,0
Socket0,IIO Stack 2 - PCIe1,Part3 (4th x4),0,0,0,0
Socket0,IIO Stack 3 - PCIe2,Part0 (1st x16/x8/x4),0,0,0,0,0,0,0,0,0,0,0
Socket0,IIO Stack 3 - PCIe2,Part1 (2nd x4),0,0,0,0
Socket0,IIO Stack 3 - PCIe2,Part2 (2nd x8/3rd x4),0,0,0,0
Socket0,IIO Stack 3 - PCIe2,Part3 (4th x4),0,0,0,0
Socket0,IIO Stack 4 - MCP0,Part0 (1st x16/x8/x4),0,0,0,0,0,0,0,0,0,0,0
Socket0,IIO Stack 4 - MCP0,Part1 (2nd x4),0,0,0,0
Socket0,IIO Stack 4 - MCP0,Part2 (2nd x8/3rd x4),0,0,0,0
Socket0,IIO Stack 4 - MCP0,Part3 (4th x4),0,0,0,0
Socket0,IIO Stack 5 - MCP1,Part0 (1st x16/x8/x4),0,0,0,0,0,0,0,0,0,0,0
Socket0,IIO Stack 5 - MCP1,Part1 (2nd x4),0,0,0,0
Socket0,IIO Stack 5 - MCP1,Part2 (2nd x8/3rd x4),0,0,0,0
Socket0,IIO Stack 5 - MCP1,Part3 (4th x4),0,0,0,0
Socket1,IIO Stack 0 - CBDMA/DMI,Part0 (1st x16/x8/x4),0,0,0,0,0,0,0,0,0,0,0
Socket1,IIO Stack 0 - CBDMA/DMI,Part1 (2nd x4),0,0,0,0
Socket1,IIO Stack 0 - CBDMA/DMI,Part2 (2nd x8/3rd x4),0,0,0,0
Socket1,IIO Stack 0 - CBDMA/DMI,Part3 (4th x4),0,0,0,0
Socket1,IIO Stack 1 - PCIe0,Part0 (1st x16/x8/x4),0,0,0,0,0,0,0,0,0,0,0
Socket1,IIO Stack 1 - PCIe0,Part1 (2nd x4),0,0,0,0
Socket1,IIO Stack 1 - PCIe0,Part2 (2nd x8/3rd x4),0,0,0,0
Socket1,IIO Stack 1 - PCIe0,Part3 (4th x4),0,0,0,0
Socket1,IIO Stack 2 - PCIe1,Part0 (1st x16/x8/x4),0,0,0,0,0,0,0,0,0,0,0
Socket1,IIO Stack 2 - PCIe1,Part1 (2nd x4),0,0,0,0
Socket1,IIO Stack 2 - PCIe1,Part2 (2nd x8/3rd x4),0,0,0,0
Socket1,IIO Stack 2 - PCIe1,Part3 (4th x4),0,0,0,0
Socket1,IIO Stack 3 - PCIe2,Part0 (1st x16/x8/x4),0,0,0,0,0,0,0,0,0,0,0
Socket1,IIO Stack 3 - PCIe2,Part1 (2nd x4),0,0,0,0
Socket1,IIO Stack 3 - PCIe2,Part2 (2nd x8/3rd x4),0,0,0,0
Socket1,IIO Stack 3 - PCIe2,Part3 (4th x4),0,0,0,0
Socket1,IIO Stack 4 - MCP0,Part0 (1st x16/x8/x4),0,0,0,0,0,0,0,0,0,0,0
Socket1,IIO Stack 4 - MCP0,Part1 (2nd x4),0,0,0,0
Socket1,IIO Stack 4 - MCP0,Part2 (2nd x8/3rd x4),0,0,0,0
Socket1,IIO Stack 4 - MCP0,Part3 (4th x4),0,0,0,0
Socket1,IIO Stack 5 - MCP1,Part0 (1st x16/x8/x4),0,0,0,0,0,0,0,0,0,0,0
Socket1,IIO Stack 5 - MCP1,Part1 (2nd x4),0,0,0,0
Socket1,IIO Stack 5 - MCP1,Part2 (2nd x8/3rd x4),0,0,0,0
Socket1,IIO Stack 5 - MCP1,Part3 (4th x4),0,0,0,0
Socket2,IIO Stack 0 - CBDMA/DMI,Part0 (1st x16/x8/x4),0,0,0,0,0,0,0,0,0,0,0
Socket2,IIO Stack 0 - CBDMA/DMI,Part1 (2nd x4),0,0,0,0
Socket2,IIO Stack 0 - CBDMA/DMI,Part2 (2nd x8/3rd x4),0,0,0,0
Socket2,IIO Stack 0 - CBDMA/DMI,Part3 (4th x4),0,0,0,0
Socket2,IIO Stack 1 - PCIe0,Part0 (1st x16/x8/x4),0,0,0,0,0,0,0,0,0,0,0
Socket2,IIO Stack 1 - PCIe0,Part1 (2nd x4),0,0,0,0
Socket2,IIO Stack 1 - PCIe0,Part2 (2nd x8/3rd x4),0,0,0,0
Socket2,IIO Stack 1 - PCIe0,Part3 (4th x4),0,0,0,0
Socket2,IIO Stack 2 - PCIe1,Part0 (1st x16/x8/x4),0,0,0,0,0,0,0,0,0,0,0
Socket2,IIO Stack 2 - PCIe1,Part1 (2nd x4),0,0,0,0
Socket2,IIO Stack 2 - PCIe1,Part2 (2nd x8/3rd x4),0,0,0,0
Socket2,IIO Stack 2 - PCIe1,Part3 (4th x4),0,0,0,0
Socket2,IIO Stack 3 - PCIe2,Part0 (1st x16/x8/x4),0,0,0,0,0,0,0,0,0,0,0
Socket2,IIO Stack 3 - PCIe2,Part1 (2nd x4),0,0,0,0
Socket2,IIO Stack 3 - PCIe2,Part2 (2nd x8/3rd x4),0,0,0,0
Socket2,IIO Stack 3 - PCIe2,Part3 (4th x4),0,0,0,0
Socket2,IIO Stack 4 - MCP0,Part0 (1st x16/x8/x4),0,0,0,0,0,0,0,0,0,0,0
Socket2,IIO Stack 4 - MCP0,Part1 (2nd x4),0,0,0,0
Socket2,IIO Stack 4 - MCP0,Part2 (2nd x8/3rd x4),0,0,0,0
Socket2,IIO Stack 4 - MCP0,Part3 (4th x4),0,0,0,0
Socket2,IIO Stack 5 - MCP1,Part0 (1st x16/x8/x4),0,0,0,0,0,0,0,0,0,0,0
Socket2,IIO Stack 5 - MCP1,Part1 (2nd x4),0,0,0,0
Socket2,IIO Stack 5 - MCP1,Part2 (2nd x8/3rd x4),0,0,0,0
Socket2,IIO Stack 5 - MCP1,Part3 (4th x4),0,0,0,0
Socket3,IIO Stack 0 - CBDMA/DMI,Part0 (1st x16/x8/x4),0,0,0,0,0,0,0,0,0,0,0
Socket3,IIO Stack 0 - CBDMA/DMI,Part1 (2nd x4),0,0,0,0
Socket3,IIO Stack 0 - CBDMA/DMI,Part2 (2nd x8/3rd x4),0,0,0,0
Socket3,IIO Stack 0 - CBDMA/DMI,Part3 (4th x4),0,0,0,0
Socket3,IIO Stack 1 - PCIe0,Part0 (1st x16/x8/x4),0,0,0,0,0,0,0,0,0,0,0
Socket3,IIO Stack 1 - PCIe0,Part1 (2nd x4),0,0,0,0
Socket3,IIO Stack 1 - PCIe0,Part2 (2nd x8/3rd x4),0,0,0,0
Socket3,IIO Stack 1 - PCIe0,Part3 (4th x4),0,0,0,0
Socket3,IIO Stack 2 - PCIe1,Part0 (1st x16/x8/x4),0,0,0,0,0,0,0,0,0,0,0
Socket3,IIO Stack 2 - PCIe1,Part1 (2nd x4),0,0,0,0
Socket3,IIO Stack 2 - PCIe1,Part2 (2nd x8/3rd x4),0,0,0,0
Socket3,IIO Stack 2 - PCIe1,Part3 (4th x4),0,0,0,0
Socket3,IIO Stack 3 - PCIe2,Part0 (1st x16/x8/x4),0,0,0,0,0,0,0,0,0,0,0
Socket3,IIO Stack 3 - PCIe2,Part1 (2nd x4),0,0,0,0
Socket3,IIO Stack 3 - PCIe2,Part2 (2nd x8/3rd x4),0,0,0,0
Socket3,IIO Stack 3 - PCIe2,Part3 (4th x4),0,0,0,0
Socket3,IIO Stack 4 - MCP0,Part0 (1st x16/x8/x4),0,0,0,0,0,0,0,0,0,0,0
Socket3,IIO Stack 4 - MCP0,Part1 (2nd x4),0,0,0,0
Socket3,IIO Stack 4 - MCP0,Part2 (2nd x8/3rd x4),0,0,0,0
Socket3,IIO Stack 4 - MCP0,Part3 (4th x4),0,0,0,0
Socket3,IIO Stack 5 - MCP1,Part0 (1st x16/x8/x4),0,0,0,0,0,0,0,0,0,0,0
Socket3,IIO Stack 5 - MCP1,Part1 (2nd x4),0,0,0,0
Socket3,IIO Stack 5 - MCP1,Part2 (2nd x8/3rd x4),0,0,0,0
Socket3,IIO Stack 5 - MCP1,Part3 (4th x4),0,0,0,0
Socket,Name,Part,IB write (bytes),IB read (bytes),OB read (bytes),OB write (bytes),IOTLB Hit,IOTLB Miss,VT-d CTXT Miss,VT-d L1 Miss,VT-d L2 Miss,VT-d L3 Miss,VT-d Mem Read
Socket0,IIO Stack 0 - CBDMA/DMI,Part0 (1st x16/x8/x4),0,0,0,0,139,0,0,0,0,0,0
Socket0,IIO Stack 0 - CBDMA/DMI,Part1 (2nd x4),1116,0,7069,558
Socket0,IIO Stack 0 - CBDMA/DMI,Part2 (2nd x8/3rd x4),0,0,0,0
Socket0,IIO Stack 0 - CBDMA/DMI,Part3 (4th x4),285767,0,0,0
Socket0,IIO Stack 1 - PCIe0,Part0 (1st x16/x8/x4),0,0,0,0,0,0,0,0,0,0,0
Socket0,IIO Stack 1 - PCIe0,Part1 (2nd x4),0,0,0,0
Socket0,IIO Stack 1 - PCIe0,Part2 (2nd x8/3rd x4),0,0,0,0
Socket0,IIO Stack 1 - PCIe0,Part3 (4th x4),0,0,0,0
Socket0,IIO Stack 2 - PCIe1,Part0 (1st x16/x8/x4),0,1309767,0,0,20162,46,0,0,0,0,93
Socket0,IIO Stack 2 - PCIe1,Part1 (2nd x4),0,0,0,0
Socket0,IIO Stack 2 - PCIe1,Part2 (2nd x8/3rd x4),0,0,0,0
Socket0,IIO Stack 2 - PCIe1,Part3 (4th x4),0,0,0,0
Socket0,IIO Stack 3 - PCIe2,Part0 (1st x16/x8/x4),31441,0,0,0,0,69,0,0,0,0,0
Socket0,IIO Stack 3 - PCIe2,Part1 (2nd x4),0,0,0,0
Socket0,IIO Stack 3 - PCIe2,Part2 (2nd x8/3rd x4),0,0,0,0
Socket0,IIO Stack 3 - PCIe2,Part3 (4th x4),0,0,0,0
Socket0,IIO Stack 4 - MCP0,Part0 (1st x16/x8/x4),0,0,0,0,0,0,0,0,0,0,0
Socket0,IIO Stack 4 - MCP0,Part1 (2nd x4),0,0,0,0
Socket0,IIO Stack 4 - MCP0,Part2 (2nd x8/3rd x4),0,0,0,0
Socket0,IIO Stack 4 - MCP0,Part3 (4th x4),0,0,0,0
Socket0,IIO Stack 5 - MCP1,Part0 (1st x16/x8/x4),0,0,0,0,0,0,0,0,0,0,0
Socket0,IIO Stack 5 - MCP1,Part1 (2nd x4),0,0,0,0
Socket0,IIO Stack 5 - MCP1,Part2 (2nd x8/3rd x4),0,0,0,0
Socket0,IIO Stack 5 - MCP1,Part3 (4th x4),0,0,0,0
Socket1,IIO Stack 0 - CBDMA/DMI,Part0 (1st x16/x8/x4),0,0,0,0,0,0,0,0,0,0,0
Socket1,IIO Stack 0 - CBDMA/DMI,Part1 (2nd x4),0,0,0,0
Socket1,IIO Stack 0 - CBDMA/DMI,Part2 (2nd x8/3rd x4),0,0,0,0
Socket1,IIO Stack 0 - CBDMA/DMI,Part3 (4th x4),0,0,0,0
Socket1,IIO Stack 1 - PCIe0,Part0 (1st x16/x8/x4),0,0,0,0,0,0,0,0,0,0,0
Socket1,IIO Stack 1 - PCIe0,Part1 (2nd x4),0,0,0,0
Socket1,IIO Stack 1 - PCIe0,Part2 (2nd x8/3rd x4),0,0,0,0
Socket1,IIO Stack 1 - PCIe0,Part3 (4th x4),0,0,0,0
Socket1,IIO Stack 2 - PCIe1,Part0 (1st x16/x8/x4),0,0,0,0,0,0,0,0,0,0,0
Socket1,IIO Stack 2 - PCIe1,Part1 (2nd x4),0,0,0,0
Socket1,IIO Stack 2 - PCIe1,Part2 (2nd x8/3rd x4),0,0,0,0
Socket1,IIO Stack 2 - PCIe1,Part3 (4th x4),0,0,0,0
Socket1,IIO Stack 3 - PCIe2,Part0 (1st x16/x8/x4),0,0,0,0,0,0,0,0,0,0,0
Socket1,IIO Stack 3 - PCIe2,Part1 (2nd x4),0,0,0,0
Socket1,IIO Stack 3 - PCIe2,Part2 (2nd x8/3rd x4),0,0,0,0
Socket1,IIO Stack 3 - PCIe2,Part3 (4th x4),0,0,0,0
Socket1,IIO Stack 4 - MCP0,Part0 (1st x16/x8/x4),0,0,0,0,0,0,0,0,0,0,0
Socket1,IIO Stack 4 - MCP0,Part1 (2nd x4),0,0,0,0
Socket1,IIO Stack 4 - MCP0,Part2 (2nd x8/3rd x4),0,0,0,0
Socket1,IIO Stack 4 - MCP0,Part3 (4th x4),0,0,0,0
Socket1,IIO Stack 5 - MCP1,Part0 (1st x16/x8/x4),0,0,0,0,0,0,0,0,0,0,0
Socket1,IIO Stack 5 - MCP1,Part1 (2nd x4),0,0,0,0
Socket1,IIO Stack 5 - MCP1,Part2 (2nd x8/3rd x4),0,0,0,0
Socket1,IIO Stack 5 - MCP1,Part3 (4th x4),0,0,0,0
Socket2,IIO Stack 0 - CBDMA/DMI,Part0 (1st x16/x8/x4),0,0,0,0,0,0,0,0,0,0,0
Socket2,IIO Stack 0 - CBDMA/DMI,Part1 (2nd x4),0,0,0,0
Socket2,IIO Stack 0 - CBDMA/DMI,Part2 (2nd x8/3rd x4),0,0,0,0
Socket2,IIO Stack 0 - CBDMA/DMI,Part3 (4th x4),0,0,0,0
Socket2,IIO Stack 1 - PCIe0,Part0 (1st x16/x8/x4),0,0,0,0,0,0,0,0,0,0,0
Socket2,IIO Stack 1 - PCIe0,Part1 (2nd x4),0,0,0,0
Socket2,IIO Stack 1 - PCIe0,Part2 (2nd x8/3rd x4),0,0,0,0
Socket2,IIO Stack 1 - PCIe0,Part3 (4th x4),0,0,0,0
Socket2,IIO Stack 2 - PCIe1,Part0 (1st x16/x8/x4),0,0,0,0,0,0,0,0,0,0,0
Socket2,IIO Stack 2 - PCIe1,Part1 (2nd x4),0,0,0,0
Socket2,IIO Stack 2 - PCIe1,Part2 (2nd x8/3rd x4),0,0,0,0
Socket2,IIO Stack 2 - PCIe1,Part3 (4th x4),0,0,0,0
Socket2,IIO Stack 3 - PCIe2,Part0 (1st x16/x8/x4),0,0,0,0,0,0,0,0,0,0,0
Socket2,IIO Stack 3 - PCIe2,Part1 (2nd x4),0,0,0,0
Socket2,IIO Stack 3 - PCIe2,Part2 (2nd x8/3rd x4),0,0,0,0
Socket2,IIO Stack 3 - PCIe2,Part3 (4th x4),0,0,0,0
Socket2,IIO Stack 4 - MCP0,Part0 (1st x16/x8/x4),0,0,0,0,0,0,0,0,0,0,0
Socket2,IIO Stack 4 - MCP0,Part1 (2nd x4),0,0,0,0
Socket2,IIO Stack 4 - MCP0,Part2 (2nd x8/3rd x4),0,0,0,0
Socket2,IIO Stack 4 - MCP0,Part3 (4th x4),0,0,0,0
Socket2,IIO Stack 5 - MCP1,Part0 (1st x16/x8/x4),0,0,0,0,0,0,0,0,0,0,0
Socket2,IIO Stack 5 - MCP1,Part1 (2nd x4),0,0,0,0
Socket2,IIO Stack 5 - MCP1,Part2 (2nd x8/3rd x4),0,0,0,0
Socket2,IIO Stack 5 - MCP1,Part3 (4th x4),0,0,0,0
Socket3,IIO Stack 0 - CBDMA/DMI,Part0 (1st x16/x8/x4),0,0,0,0,0,0,0,0,0,0,0
Socket3,IIO Stack 0 - CBDMA/DMI,Part1 (2nd x4),0,0,0,0
Socket3,IIO Stack 0 - CBDMA/DMI,Part2 (2nd x8/3rd x4),0,0,0,0
Socket3,IIO Stack 0 - CBDMA/DMI,Part3 (4th x4),0,0,0,0
Socket3,IIO Stack 1 - PCIe0,Part0 (1st x16/x8/x4),0,0,0,0,0,0,0,0,0,0,0
Socket3,IIO Stack 1 - PCIe0,Part1 (2nd x4),0,0,0,0
Socket3,IIO Stack 1 - PCIe0,Part2 (2nd x8/3rd x4),0,0,0,0
Socket3,IIO Stack 1 - PCIe0,Part3 (4th x4),0,0,0,0
Socket3,IIO Stack 2 - PCIe1,Part0 (1st x16/x8/x4),0,0,0,0,0,0,0,0,0,0,0
Socket3,IIO Stack 2 - PCIe1,Part1 (2nd x4),0,0,0,0
Socket3,IIO Stack 2 - PCIe1,Part2 (2nd x8/3rd x4),0,0,0,0
Socket3,IIO Stack 2 - PCIe1,Part3 (4th x4),0,0,0,0
Socket3,IIO Stack 3 - PCIe2,Part0 (1st x16/x8/x4),0,0,0,0,0,0,0,0,0,0,0
Socket3,IIO Stack 3 - PCIe2,Part1 (2nd x4),0,0,0,0
Socket3,IIO Stack 3 - PCIe2,Part2 (2nd x8/3rd x4),0,0,0,0
Socket3,IIO Stack 3 - PCIe2,Part3 (4th x4),0,0,0,0
Socket3,IIO Stack 4 - MCP0,Part0 (1st x16/x8/x4),0,0,0,0,0,0,0,0,0,0,0
Socket3,IIO Stack 4 - MCP0,Part1 (2nd x4),0,0,0,0
Socket3,IIO Stack 4 - MCP0,Part2 (2nd x8/3rd x4),0,0,0,0
Socket3,IIO Stack 4 - MCP0,Part3 (4th x4),0,0,0,0
Socket3,IIO Stack 5 - MCP1,Part0 (1st x16/x8/x4),0,0,0,0,0,0,0,0,0,0,0
Socket3,IIO Stack 5 - MCP1,Part1 (2nd x4),0,0,0,0
Socket3,IIO Stack 5 - MCP1,Part2 (2nd x8/3rd x4),0,0,0,0
Socket3,IIO Stack 5 - MCP1,Part3 (4th x4),0,0,0,0
Socket,Name,Part,IB write (bytes),IB read (bytes),OB read (bytes),OB write (bytes),IOTLB Hit,IOTLB Miss,VT-d CTXT Miss,VT-d L1 Miss,VT-d L2 Miss,VT-d L3 Miss,VT-d Mem Read
Socket0,IIO Stack 0 - CBDMA/DMI,Part0 (1st x16/x8/x4),0,0,0,0,209,0,0,0,0,0,0
Socket0,IIO Stack 0 - CBDMA/DMI,Part1 (2nd x4),3255,0,0,837
Socket0,IIO Stack 0 - CBDMA/DMI,Part2 (2nd x8/3rd x4),0,0,0,0
Socket0,IIO Stack 0 - CBDMA/DMI,Part3 (4th x4),95255,0,0,0
Socket0,IIO Stack 1 - PCIe0,Part0 (1st x16/x8/x4),0,0,0,0,0,0,0,0,0,0,0
Socket0,IIO Stack 1 - PCIe0,Part1 (2nd x4),0,0,0,0
Socket0,IIO Stack 1 - PCIe0,Part2 (2nd x8/3rd x4),0,0,0,0
Socket0,IIO Stack 1 - PCIe0,Part3 (4th x4),0,0,0,0
Socket0,IIO Stack 2 - PCIe1,Part0 (1st x16/x8/x4),0,1290418,0,0,20162,46,0,0,0,0,0
Socket0,IIO Stack 2 - PCIe1,Part1 (2nd x4),0,0,0,0
Socket0,IIO Stack 2 - PCIe1,Part2 (2nd x8/3rd x4),0,0,0,0
Socket0,IIO Stack 2 - PCIe1,Part3 (4th x4),0,0,0,0
Socket0,IIO Stack 3 - PCIe2,Part0 (1st x16/x8/x4),0,0,0,0,0,0,0,0,0,0,0
Socket0,IIO Stack 3 - PCIe2,Part1 (2nd x4),0,0,0,0
Socket0,IIO Stack 3 - PCIe2,Part2 (2nd x8/3rd x4),0,0,0,0
Socket0,IIO Stack 3 - PCIe2,Part3 (4th x4),0,0,0,0
Socket0,IIO Stack 4 - MCP0,Part0 (1st x16/x8/x4),0,0,0,0,0,0,0,0,0,0,0
Socket0,IIO Stack 4 - MCP0,Part1 (2nd x4),0,0,0,0
Socket0,IIO Stack 4 - MCP0,Part2 (2nd x8/3rd x4),0,0,0,0
Socket0,IIO Stack 4 - MCP0,Part3 (4th x4),0,0,0,0
Socket0,IIO Stack 5 - MCP1,Part0 (1st x16/x8/x4),0,0,0,0,0,0,0,0,0,0,0
Socket0,IIO Stack 5 - MCP1,Part1 (2nd x4),0,0,0,0
Socket0,IIO Stack 5 - MCP1,Part2 (2nd x8/3rd x4),0,0,0,0
Socket0,IIO Stack 5 - MCP1,Part3 (4th x4),0,0,0,0
Socket1,IIO Stack 0 - CBDMA/DMI,Part0 (1st x16/x8/x4),0,0,0,0,0,0,0,0,0,0,0
Socket1,IIO Stack 0 - CBDMA/DMI,Part1 (2nd x4),0,0,0,0
Socket1,IIO Stack 0 - CBDMA/DMI,Part2 (2nd x8/3rd x4),0,0,0,0
Socket1,IIO Stack 0 - CBDMA/DMI,Part3 (4th x4),0,0,0,0
Socket1,IIO Stack 1 - PCIe0,Part0 (1st x16/x8/x4),0,0,0,0,0,0,0,0,0,0,0
Socket1,IIO Stack 1 - PCIe0,Part1 (2nd x4),0,0,0,0
Socket1,IIO Stack 1 - PCIe0,Part2 (2nd x8/3rd x4),0,0,0,0
Socket1,IIO Stack 1 - PCIe0,Part3 (4th x4),0,0,0,0
Socket1,IIO Stack 2 - PCIe1,Part0 (1st x16/x8/x4),0,0,0,0,0,0,0,0,0,0,0
Socket1,IIO Stack 2 - PCIe1,Part1 (2nd x4),0,0,0,0
Socket1,IIO Stack 2 - PCIe1,Part2 (2nd x8/3rd x4),0,0,0,0
Socket1,IIO Stack 2 - PCIe1,Part3 (4th x4),0,0,0,0
Socket1,IIO Stack 3 - PCIe2,Part0 (1st x16/x8/x4),0,0,0,0,0,0,0,0,0,0,0
Socket1,IIO Stack 3 - PCIe2,Part1 (2nd x4),0,0,0,0
Socket1,IIO Stack 3 - PCIe2,Part2 (2nd x8/3rd x4),0,0,0,0
Socket1,IIO Stack 3 - PCIe2,Part3 (4th x4),0,0,0,0
Socket1,IIO Stack 4 - MCP0,Part0 (1st x16/x8/x4),0,0,0,0,0,0,0,0,0,0,0
Socket1,IIO Stack 4 - MCP0,Part1 (2nd x4),0,0,0,0
Socket1,IIO Stack 4 - MCP0,Part2 (2nd x8/3rd x4),0,0,0,0
Socket1,IIO Stack 4 - MCP0,Part3 (4th x4),0,0,0,0
Socket1,IIO Stack 5 - MCP1,Part0 (1st x16/x8/x4),0,0,0,0,0,0,0,0,0,0,0
Socket1,IIO Stack 5 - MCP1,Part1 (2nd x4),0,0,0,0
Socket1,IIO Stack 5 - MCP1,Part2 (2nd x8/3rd x4),0,0,0,0
Socket1,IIO Stack 5 - MCP1,Part3 (4th x4),0,0,0,0
Socket2,IIO Stack 0 - CBDMA/DMI,Part0 (1st x16/x8/x4),0,0,0,0,0,0,0,0,0,0,0
Socket2,IIO Stack 0 - CBDMA/DMI,Part1 (2nd x4),0,0,0,0
Socket2,IIO Stack 0 - CBDMA/DMI,Part2 (2nd x8/3rd x4),0,0,0,0
Socket2,IIO Stack 0 - CBDMA/DMI,Part3 (4th x4),0,0,0,0
Socket2,IIO Stack 1 - PCIe0,Part0 (1st x16/x8/x4),0,0,0,0,0,0,0,0,0,0,0
Socket2,IIO Stack 1 - PCIe0,Part1 (2nd x4),0,0,0,0
Socket2,IIO Stack 1 - PCIe0,Part2 (2nd x8/3rd x4),0,0,0,0
Socket2,IIO Stack 1 - PCIe0,Part3 (4th x4),0,0,0,0
Socket2,IIO Stack 2 - PCIe1,Part0 (1st x16/x8/x4),0,0,0,0,0,0,0,0,0,0,0
Socket2,IIO Stack 2 - PCIe1,Part1 (2nd x4),0,0,0,0
Socket2,IIO Stack 2 - PCIe1,Part2 (2nd x8/3rd x4),0,0,0,0
Socket2,IIO Stack 2 - PCIe1,Part3 (4th x4),0,0,0,0
Socket2,IIO Stack 3 - PCIe2,Part0 (1st x16/x8/x4),0,0,0,0,0,0,0,0,0,0,0
Socket2,IIO Stack 3 - PCIe2,Part1 (2nd x4),0,0,0,0
Socket2,IIO Stack 3 - PCIe2,Part2 (2nd x8/3rd x4),0,0,0,0
Socket2,IIO Stack 3 - PCIe2,Part3 (4th x4),0,0,0,0
Socket2,IIO Stack 4 - MCP0,Part0 (1st x16/x8/x4),0,0,0,0,0,0,0,0,0,0,0
Socket2,IIO Stack 4 - MCP0,Part1 (2nd x4),0,0,0,0
Socket2,IIO Stack 4 - MCP0,Part2 (2nd x8/3rd x4),0,0,0,0
Socket2,IIO Stack 4 - MCP0,Part3 (4th x4),0,0,0,0
Socket2,IIO Stack 5 - MCP1,Part0 (1st x16/x8/x4),0,0,0,0,0,0,0,0,0,0,0
Socket2,IIO Stack 5 - MCP1,Part1 (2nd x4),0,0,0,0
Socket2,IIO Stack 5 - MCP1,Part2 (2nd x8/3rd x4),0,0,0,0
Socket2,IIO Stack 5 - MCP1,Part3 (4th x4),0,0,0,0
Socket3,IIO Stack 0 - CBDMA/DMI,Part0 (1st x16/x8/x4),0,0,0,0,0,0,0,0,0,0,0
Socket3,IIO Stack 0 - CBDMA/DMI,Part1 (2nd x4),0,0,0,0
Socket3,IIO Stack 0 - CBDMA/DMI,Part2 (2nd x8/3rd x4),0,0,0,0
Socket3,IIO Stack 0 - CBDMA/DMI,Part3 (4th x4),0,0,0,0
Socket3,IIO Stack 1 - PCIe0,Part0 (1st x16/x8/x4),0,0,0,0,0,0,0,0,0,0,0
Socket3,IIO Stack 1 - PCIe0,Part1 (2nd x4),0,0,0,0
Socket3,IIO Stack 1 - PCIe0,Part2 (2nd x8/3rd x4),0,0,0,0
Socket3,IIO Stack 1 - PCIe0,Part3 (4th x4),0,0,0,0
Socket3,IIO Stack 2 - PCIe1,Part0 (1st x16/x8/x4),0,0,0,0,0,0,0,0,0,0,0
Socket3,IIO Stack 2 - PCIe1,Part1 (2nd x4),0,0,0,0
Socket3,IIO Stack 2 - PCIe1,Part2 (2nd x8/3rd x4),0,0,0,0
Socket3,IIO Stack 2 - PCIe1,Part3 (4th x4),0,0,0,0
Socket3,IIO Stack 3 - PCIe2,Part0 (1st x16/x8/x4),0,0,0,0,0,0,0,0,0,0,0
Socket3,IIO Stack 3 - PCIe2,Part1 (2nd x4),0,0,0,0
Socket3,IIO Stack 3 - PCIe2,Part2 (2nd x8/3rd x4),0,0,0,0
Socket3,IIO Stack 3 - PCIe2,Part3 (4th x4),0,0,0,0
Socket3,IIO Stack 4 - MCP0,Part0 (1st x16/x8/x4),0,0,0,0,0,0,0,0,0,0,0
Socket3,IIO Stack 4 - MCP0,Part1 (2nd x4),0,0,0,0
Socket3,IIO Stack 4 - MCP0,Part2 (2nd x8/3rd x4),0,0,0,0
Socket3,IIO Stack 4 - MCP0,Part3 (4th x4),0,0,0,0
Socket3,IIO Stack 5 - MCP1,Part0 (1st x16/x8/x4),0,0,0,0,0,0,0,0,0,0,0
Socket3,IIO Stack 5 - MCP1,Part1 (2nd x4),0,0,0,0
Socket3,IIO Stack 5 - MCP1,Part2 (2nd x8/3rd x4),0,0,0,0
Socket3,IIO Stack 5 - MCP1,Part3 (4th x4),0,0,0,0
Socket,Name,Part,IB write (bytes),IB read (bytes),OB read (bytes),OB write (bytes),IOTLB Hit,IOTLB Miss,VT-d CTXT Miss,VT-d L1 Miss,VT-d L2 Miss,VT-d L3 Miss,VT-d Mem Read
Socket0,IIO Stack 0 - CBDMA/DMI,Part0 (1st x16/x8/x4),0,0,0,0,69,23,0,0,0,0,0
Socket0,IIO Stack 0 - CBDMA/DMI,Part1 (2nd x4),6418,0,0,372
Socket0,IIO Stack 0 - CBDMA/DMI,Part2 (2nd x8/3rd x4),0,0,0,0
Socket0,IIO Stack 0 - CBDMA/DMI,Part3 (4th x4),95255,0,0,0
Socket0,IIO Stack 1 - PCIe0,Part0 (1st x16/x8/x4),0,0,0,0,0,0,0,0,0,0,0
Socket0,IIO Stack 1 - PCIe0,Part1 (2nd x4),0,0,0,0
Socket0,IIO Stack 1 - PCIe0,Part2 (2nd x8/3rd x4),0,0,0,0
Socket0,IIO Stack 1 - PCIe0,Part3 (4th x4),0,0,0,0
Socket0,IIO Stack 2 - PCIe1,Part0 (1st x16/x8/x4),0,1290418,0,0,20162,0,0,0,0,46,0
Socket0,IIO Stack 2 - PCIe1,Part1 (2nd x4),0,0,0,0
Socket0,IIO Stack 2 - PCIe1,Part2 (2nd x8/3rd x4),0,0,0,0
Socket0,IIO Stack 2 - PCIe1,Part3 (4th x4),0,0,0,0
Socket0,IIO Stack 3 - PCIe2,Part0 (1st x16/x8/x4),0,0,0,0,0,0,0,0,0,0,0
Socket0,IIO Stack 3 - PCIe2,Part1 (2nd x4),0,0,0,0
Socket0,IIO Stack 3 - PCIe2,Part2 (2nd x8/3rd x4),0,0,0,0
Socket0,IIO Stack 3 - PCIe2,Part3 (4th x4),0,0,0,0
Socket0,IIO Stack 4 - MCP0,Part0 (1st x16/x8/x4),0,0,0,0,0,0,0,0,0,0,0
Socket0,IIO Stack 4 - MCP0,Part1 (2nd x4),0,0,0,0
Socket0,IIO Stack 4 - MCP0,Part2 (2nd x8/3rd x4),0,0,0,0
Socket0,IIO Stack 4 - MCP0,Part3 (4th x4),0,0,0,0
Socket0,IIO Stack 5 - MCP1,Part0 (1st x16/x8/x4),0,0,0,0,0,0,0,0,0,0,0
Socket0,IIO Stack 5 - MCP1,Part1 (2nd x4),0,0,0,0
Socket0,IIO Stack 5 - MCP1,Part2 (2nd x8/3rd x4),0,0,0,0
Socket0,IIO Stack 5 - MCP1,Part3 (4th x4),0,0,0,0
Socket1,IIO Stack 0 - CBDMA/DMI,Part0 (1st x16/x8/x4),0,0,0,0,0,0,0,0,0,0,0
Socket1,IIO Stack 0 - CBDMA/DMI,Part1 (2nd x4),0,0,0,0
Socket1,IIO Stack 0 - CBDMA/DMI,Part2 (2nd x8/3rd x4),0,0,0,0
Socket1,IIO Stack 0 - CBDMA/DMI,Part3 (4th x4),0,0,0,0
Socket1,IIO Stack 1 - PCIe0,Part0 (1st x16/x8/x4),0,0,0,0,0,0,0,0,0,0,0
Socket1,IIO Stack 1 - PCIe0,Part1 (2nd x4),0,0,0,0
Socket1,IIO Stack 1 - PCIe0,Part2 (2nd x8/3rd x4),0,0,0,0
Socket1,IIO Stack 1 - PCIe0,Part3 (4th x4),0,0,0,0
Socket1,IIO Stack 2 - PCIe1,Part0 (1st x16/x8/x4),0,0,0,0,0,0,0,0,0,0,0
Socket1,IIO Stack 2 - PCIe1,Part1 (2nd x4),0,0,0,0
Socket1,IIO Stack 2 - PCIe1,Part2 (2nd x8/3rd x4),0,0,0,0
Socket1,IIO Stack 2 - PCIe1,Part3 (4th x4),0,0,0,0
Socket1,IIO Stack 3 - PCIe2,Part0 (1st x16/x8/x4),0,0,0,0,0,0,0,0,0,0,0
Socket1,IIO Stack 3 - PCIe2,Part1 (2nd x4),0,0,0,0
Socket1,IIO Stack 3 - PCIe2,Part2 (2nd x8/3rd x4),0,0,0,0
Socket1,IIO Stack 3 - PCIe2,Part3 (4th x4),0,0,0,0
Socket1,IIO Stack 4 - MCP0,Part0 (1st x16/x8/x4),0,0,0,0,0,0,0,0,0,0,0
Socket1,IIO Stack 4 - MCP0,Part1 (2nd x4),0,0,0,0
Socket1,IIO Stack 4 - MCP0,Part2 (2nd x8/3rd x4),0,0,0,0
Socket1,IIO Stack 4 - MCP0,Part3 (4th x4),0,0,0,0
Socket1,IIO Stack 5 - MCP1,Part0 (1st x16/x8/x4),0,0,0,0,0,0,0,0,0,0,0
Socket1,IIO Stack 5 - MCP1,Part1 (2nd x4),0,0,0,0
Socket1,IIO Stack 5 - MCP1,Part2 (2nd x8/3rd x4),0,0,0,0
Socket1,IIO Stack 5 - MCP1,Part3 (4th x4),0,0,0,0
Socket2,IIO Stack 0 - CBDMA/DMI,Part0 (1st x16/x8/x4),0,0,0,0,0,0,0,0,0,0,0
Socket2,IIO Stack 0 - CBDMA/DMI,Part1 (2nd x4),0,0,0,0
Socket2,IIO Stack 0 - CBDMA/DMI,Part2 (2nd x8/3rd x4),0,0,0,0
Socket2,IIO Stack 0 - CBDMA/DMI,Part3 (4th x4),0,0,0,0
Socket2,IIO Stack 1 - PCIe0,Part0 (1st x16/x8/x4),0,0,0,0,0,0,0,0,0,0,0
Socket2,IIO Stack 1 - PCIe0,Part1 (2nd x4),0,0,0,0
Socket2,IIO Stack 1 - PCIe0,Part2 (2nd x8/3rd x4),0,0,0,0
Socket2,IIO Stack 1 - PCIe0,Part3 (4th x4),0,0,0,0
Socket2,IIO Stack 2 - PCIe1,Part0 (1st x16/x8/x4),0,0,0,0,0,0,0,0,0,0,0
Socket2,IIO Stack 2 - PCIe1,Part1 (2nd x4),0,0,0,0
Socket2,IIO Stack 2 - PCIe1,Part2 (2nd x8/3rd x4),0,0,0,0
Socket2,IIO Stack 2 - PCIe1,Part3 (4th x4),0,0,0,0
Socket2,IIO Stack 3 - PCIe2,Part0 (1st x16/x8/x4),0,0,0,0,0,0,0,0,0,0,0
Socket2,IIO Stack 3 - PCIe2,Part1 (2nd x4),0,0,0,0
Socket2,IIO Stack 3 - PCIe2,Part2 (2nd x8/3rd x4),0,0,0,0
Socket2,IIO Stack 3 - PCIe2,Part3 (4th x4),0,0,0,0
Socket2,IIO Stack 4 - MCP0,Part0 (1st x16/x8/x4),0,0,0,0,0,0,0,0,0,0,0
Socket2,IIO Stack 4 - MCP0,Part1 (2nd x4),0,0,0,0
Socket2,IIO Stack 4 - MCP0,Part2 (2nd x8/3rd x4),0,0,0,0
Socket2,IIO Stack 4 - MCP0,Part3 (4th x4),0,0,0,0
Socket2,IIO Stack 5 - MCP1,Part0 (1st x16/x8/x4),0,0,0,0,0,0,0,0,0,0,0
Socket2,IIO Stack 5 - MCP1,Part1 (2nd x4),0,0,0,0
Socket2,IIO Stack 5 - MCP1,Part2 (2nd x8/3rd x4),0,0,0,0
Socket2,IIO Stack 5 - MCP1,Part3 (4th x4),0,0,0,0
Socket3,IIO Stack 0 - CBDMA/DMI,Part0 (1st x16/x8/x4),0,0,0,0,0,0,0,0,0,0,0
Socket3,IIO Stack 0 - CBDMA/DMI,Part1 (2nd x4),0,0,0,0
Socket3,IIO Stack 0 - CBDMA/DMI,Part2 (2nd x8/3rd x4),0,0,0,0
Socket3,IIO Stack 0 - CBDMA/DMI,Part3 (4th x4),0,0,0,0
Socket3,IIO Stack 1 - PCIe0,Part0 (1st x16/x8/x4),0,0,0,0,0,0,0,0,0,0,0
Socket3,IIO Stack 1 - PCIe0,Part1 (2nd x4),0,0,0,0
Socket3,IIO Stack 1 - PCIe0,Part2 (2nd x8/3rd x4),0,0,0,0
Socket3,IIO Stack 1 - PCIe0,Part3 (4th x4),0,0,0,0
Socket3,IIO Stack 2 - PCIe1,Part0 (1st x16/x8/x4),0,0,0,0,0,0,0,0,0,0,0
Socket3,IIO Stack 2 - PCIe1,Part1 (2nd x4),0,0,0,0
Socket3,IIO Stack 2 - PCIe1,Part2 (2nd x8/3rd x4),0,0,0,0
Socket3,IIO Stack 2 - PCIe1,Part3 (4th x4),0,0,0,0
Socket3,IIO Stack 3 - PCIe2,Part0 (1st x16/x8/x4),0,0,0,0,0,0,0,0,0,0,0
Socket3,IIO Stack 3 - PCIe2,Part1 (2nd x4),0,0,0,0
Socket3,IIO Stack 3 - PCIe2,Part2 (2nd x8/3rd x4),0,0,0,0
Socket3,IIO Stack 3 - PCIe2,Part3 (4th x4),0,0,0,0
Socket3,IIO Stack 4 - MCP0,Part0 (1st x16/x8/x4),0,0,0,0,0,0,0,0,0,0,0
Socket3,IIO Stack 4 - MCP0,Part1 (2nd x4),0,0,0,0
Socket3,IIO Stack 4 - MCP0,Part2 (2nd x8/3rd x4),0,0,0,0
Socket3,IIO Stack 4 - MCP0,Part3 (4th x4),0,0,0,0
Socket3,IIO Stack 5 - MCP1,Part0 (1st x16/x8/x4),0,0,0,0,0,0,0,0,0,0,0
Socket3,IIO Stack 5 - MCP1,Part1 (2nd x4),0,0,0,0
Socket3,IIO Stack 5 - MCP1,Part2 (2nd x8/3rd x4),0,0,0,0
Socket3,IIO Stack 5 - MCP1,Part3 (4th x4),0,0,0,0
Socket,Name,Part,IB write (bytes),IB read (bytes),OB read (bytes),OB write (bytes),IOTLB Hit,IOTLB Miss,VT-d CTXT Miss,VT-d L1 Miss,VT-d L2 Miss,VT-d L3 Miss,VT-d Mem Read
Socket0,IIO Stack 0 - CBDMA/DMI,Part0 (1st x16/x8/x4),0,0,0,0,0,0,0,0,0,0,0
Socket0,IIO Stack 0 - CBDMA/DMI,Part1 (2nd x4),1116,2976,0,186
Socket0,IIO Stack 0 - CBDMA/DMI,Part2 (2nd x8/3rd x4),0,0,0,0
Socket0,IIO Stack 0 - CBDMA/DMI,Part3 (4th x4),0,0,0,0
Socket0,IIO Stack 1 - PCIe0,Part0 (1st x16/x8/x4),0,0,0,0,0,0,0,0,0,0,0
Socket0,IIO Stack 1 - PCIe0,Part1 (2nd x4),0,0,0,0
Socket0,IIO Stack 1 - PCIe0,Part2 (2nd x8/3rd x4),0,0,0,0
Socket0,IIO Stack 1 - PCIe0,Part3 (4th x4),0,0,0,0
Socket0,IIO Stack 2 - PCIe1,Part0 (1st x16/x8/x4),0,1288930,0,0,20488,0,0,0,0,46,0
Socket0,IIO Stack 2 - PCIe1,Part1 (2nd x4),0,0,0,0
Socket0,IIO Stack 2 - PCIe1,Part2 (2nd x8/3rd x4),0,0,0,0
Socket0,IIO Stack 2 - PCIe1,Part3 (4th x4),0,0,0,0
Socket0,IIO Stack 3 - PCIe2,Part0 (1st x16/x8/x4),0,0,0,0,0,0,0,0,0,0,0
Socket0,IIO Stack 3 - PCIe2,Part1 (2nd x4),0,0,0,0
Socket0,IIO Stack 3 - PCIe2,Part2 (2nd x8/3rd x4),0,0,0,0
Socket0,IIO Stack 3 - PCIe2,Part3 (4th x4),0,0,0,0
Socket0,IIO Stack 4 - MCP0,Part0 (1st x16/x8/x4),0,0,0,0,0,0,0,0,0,0,0
Socket0,IIO Stack 4 - MCP0,Part1 (2nd x4),0,0,0,0
Socket0,IIO Stack 4 - MCP0,Part2 (2nd x8/3rd x4),0,0,0,0
Socket0,IIO Stack 4 - MCP0,Part3 (4th x4),0,0,0,0
Socket0,IIO Stack 5 - MCP1,Part0 (1st x16/x8/x4),0,0,0,0,0,0,0,0,0,0,0
Socket0,IIO Stack 5 - MCP1,Part1 (2nd x4),0,0,0,0
Socket0,IIO Stack 5 - MCP1,Part2 (2nd x8/3rd x4),0,0,0,0
Socket0,IIO Stack 5 - MCP1,Part3 (4th x4),0,0,0,0
Socket1,IIO Stack 0 - CBDMA/DMI,Part0 (1st x16/x8/x4),0,0,0,0,0,0,0,0,0,0,0
Socket1,IIO Stack 0 - CBDMA/DMI,Part1 (2nd x4),0,0,0,0
Socket1,IIO Stack 0 - CBDMA/DMI,Part2 (2nd x8/3rd x4),0,0,0,0
Socket1,IIO Stack 0 - CBDMA/DMI,Part3 (4th x4),0,0,0,0
Socket1,IIO Stack 1 - PCIe0,Part0 (1st x16/x8/x4),0,0,0,0,0,0,0,0,0,0,0
Socket1,IIO Stack 1 - PCIe0,Part1 (2nd x4),0,0,0,0
Socket1,IIO Stack 1 - PCIe0,Part2 (2nd x8/3rd x4),0,0,0,0
Socket1,IIO Stack 1 - PCIe0,Part3 (4th x4),0,0,0,0
Socket1,IIO Stack 2 - PCIe1,Part0 (1st x16/x8/x4),0,0,0,0,0,0,0,0,0,0,0
Socket1,IIO Stack 2 - PCIe1,Part1 (2nd x4),0,0,0,0
Socket1,IIO Stack 2 - PCIe1,Part2 (2nd x8/3rd x4),0,0,0,0
Socket1,IIO Stack 2 - PCIe1,Part3 (4th x4),0,0,0,0
Socket1,IIO Stack 3 - PCIe2,Part0 (1st x16/x8/x4),0,0,0,0,0,0,0,0,0,0,0
Socket1,IIO Stack 3 - PCIe2,Part1 (2nd x4),0,0,0,0
Socket1,IIO Stack 3 - PCIe2,Part2 (2nd x8/3rd x4),0,0,0,0
Socket1,IIO Stack 3 - PCIe2,Part3 (4th x4),0,0,0,0
Socket1,IIO Stack 4 - MCP0,Part0 (1st x16/x8/x4),0,0,0,0,0,0,0,0,0,0,0
Socket1,IIO Stack 4 - MCP0,Part1 (2nd x4),0,0,0,0
Socket1,IIO Stack 4 - MCP0,Part2 (2nd x8/3rd x4),0,0,0,0
Socket1,IIO Stack 4 - MCP0,Part3 (4th x4),0,0,0,0
Socket1,IIO Stack 5 - MCP1,Part0 (1st x16/x8/x4),0,0,0,0,0,0,0,0,0,0,0
Socket1,IIO Stack 5 - MCP1,Part1 (2nd x4),0,0,0,0
Socket1,IIO Stack 5 - MCP1,Part2 (2nd x8/3rd x4),0,0,0,0
Socket1,IIO Stack 5 - MCP1,Part3 (4th x4),0,0,0,0
Socket2,IIO Stack 0 - CBDMA/DMI,Part0 (1st x16/x8/x4),0,0,0,0,0,0,0,0,0,0,0
Socket2,IIO Stack 0 - CBDMA/DMI,Part1 (2nd x4),0,0,0,0
Socket2,IIO Stack 0 - CBDMA/DMI,Part2 (2nd x8/3rd x4),0,0,0,0
Socket2,IIO Stack 0 - CBDMA/DMI,Part3 (4th x4),0,0,0,0
Socket2,IIO Stack 1 - PCIe0,Part0 (1st x16/x8/x4),0,0,0,0,0,0,0,0,0,0,0
Socket2,IIO Stack 1 - PCIe0,Part1 (2nd x4),0,0,0,0
Socket2,IIO Stack 1 - PCIe0,Part2 (2nd x8/3rd x4),0,0,0,0
Socket2,IIO Stack 1 - PCIe0,Part3 (4th x4),0,0,0,0
Socket2,IIO Stack 2 - PCIe1,Part0 (1st x16/x8/x4),0,0,0,0,0,0,0,0,0,0,0
Socket2,IIO Stack 2 - PCIe1,Part1 (2nd x4),0,0,0,0
Socket2,IIO Stack 2 - PCIe1,Part2 (2nd x8/3rd x4),0,0,0,0
Socket2,IIO Stack 2 - PCIe1,Part3 (4th x4),0,0,0,0
Socket2,IIO Stack 3 - PCIe2,Part0 (1st x16/x8/x4),0,0,0,0,0,0,0,0,0,0,0
Socket2,IIO Stack 3 - PCIe2,Part1 (2nd x4),0,0,0,0
Socket2,IIO Stack 3 - PCIe2,Part2 (2nd x8/3rd x4),0,0,0,0
Socket2,IIO Stack 3 - PCIe2,Part3 (4th x4),0,0,0,0
Socket2,IIO Stack 4 - MCP0,Part0 (1st x16/x8/x4),0,0,0,0,0,0,0,0,0,0,0
Socket2,IIO Stack 4 - MCP0,Part1 (2nd x4),0,0,0,0
Socket2,IIO Stack 4 - MCP0,Part2 (2nd x8/3rd x4),0,0,0,0
Socket2,IIO Stack 4 - MCP0,Part3 (4th x4),0,0,0,0
Socket2,IIO Stack 5 - MCP1,Part0 (1st x16/x8/x4),0,0,0,0,0,0,0,0,0,0,0
Socket2,IIO Stack 5 - MCP1,Part1 (2nd x4),0,0,0,0
Socket2,IIO Stack 5 - MCP1,Part2 (2nd x8/3rd x4),0,0,0,0
Socket2,IIO Stack 5 - MCP1,Part3 (4th x4),0,0,0,0
Socket3,IIO Stack 0 - CBDMA/DMI,Part0 (1st x16/x8/x4),0,0,0,0,0,0,0,0,0,0,0
Socket3,IIO Stack 0 - CBDMA/DMI,Part1 (2nd x4),0,0,0,0
Socket3,IIO Stack 0 - CBDMA/DMI,Part2 (2nd x8/3rd x4),0,0,0,0
Socket3,IIO Stack 0 - CBDMA/DMI,Part3 (4th x4),0,0,0,0
Socket3,IIO Stack 1 - PCIe0,Part0 (1st x16/x8/x4),0,0,0,0,0,0,0,0,0,0,0
Socket3,IIO Stack 1 - PCIe0,Part1 (2nd x4),0,0,0,0
Socket3,IIO Stack 1 - PCIe0,Part2 (2nd x8/3rd x4),0,0,0,0
Socket3,IIO Stack 1 - PCIe0,Part3 (4th x4),0,0,0,0
Socket3,IIO Stack 2 - PCIe1,Part0 (1st x16/x8/x4),0,0,0,0,0,0,0,0,0,0,0
Socket3,IIO Stack 2 - PCIe1,Part1 (2nd x4),0,0,0,0
Socket3,IIO Stack 2 - PCIe1,Part2 (2nd x8/3rd x4),0,0,0,0
Socket3,IIO Stack 2 - PCIe1,Part3 (4th x4),0,0,0,0
Socket3,IIO Stack 3 - PCIe2,Part0 (1st x16/x8/x4),0,0,0,0,0,0,0,0,0,0,0
Socket3,IIO Stack 3 - PCIe2,Part1 (2nd x4),0,0,0,0
Socket3,IIO Stack 3 - PCIe2,Part2 (2nd x8/3rd x4),0,0,0,0
Socket3,IIO Stack 3 - PCIe2,Part3 (4th x4),0,0,0,0
Socket3,IIO Stack 4 - MCP0,Part0 (1st x16/x8/x4),0,0,0,0,0,0,0,0,0,0,0
Socket3,IIO Stack 4 - MCP0,Part1 (2nd x4),0,0,0,0
Socket3,IIO Stack 4 - MCP0,Part2 (2nd x8/3rd x4),0,0,0,0
Socket3,IIO Stack 4 - MCP0,Part3 (4th x4),0,0,0,0
Socket3,IIO Stack 5 - MCP1,Part0 (1st x16/x8/x4),0,0,0,0,0,0,0,0,0,0,0
Socket3,IIO Stack 5 - MCP1,Part1 (2nd x4),0,0,0,0
Socket3,IIO Stack 5 - MCP1,Part2 (2nd x8/3rd x4),0,0,0,0
Socket3,IIO Stack 5 - MCP1,Part3 (4th x4),0,0,0,0
Socket,Name,Part,IB write (bytes),IB read (bytes),OB read (bytes),OB write (bytes),IOTLB Hit,IOTLB Miss,VT-d CTXT Miss,VT-d L1 Miss,VT-d L2 Miss,VT-d L3 Miss,VT-d Mem Read
Socket0,IIO Stack 0 - CBDMA/DMI,Part0 (1st x16/x8/x4),0,0,0,0,69,0,0,0,0,0,0
Socket0,IIO Stack 0 - CBDMA/DMI,Part1 (2nd x4),1116,0,0,0
Socket0,IIO Stack 0 - CBDMA/DMI,Part2 (2nd x8/3rd x4),0,0,0,0
Socket0,IIO Stack 0 - CBDMA/DMI,Part3 (4th x4),0,0,0,0
Socket0,IIO Stack 1 - PCIe0,Part0 (1st x16/x8/x4),0,0,0,0,0,0,0,0,0,0,0
Socket0,IIO Stack 1 - PCIe0,Part1 (2nd x4),0,0,0,0
Socket0,IIO Stack 1 - PCIe0,Part2 (2nd x8/3rd x4),0,0,0,0
Socket0,IIO Stack 1 - PCIe0,Part3 (4th x4),0,0,0,0
Socket0,IIO Stack 2 - PCIe1,Part0 (1st x16/x8/x4),1488,1290418,0,0,20488,0,0,0,0,0,0
Socket0,IIO Stack 2 - PCIe1,Part1 (2nd x4),0,0,0,0
Socket0,IIO Stack 2 - PCIe1,Part2 (2nd x8/3rd x4),0,0,0,0
Socket0,IIO Stack 2 - PCIe1,Part3 (4th x4),0,0,0,0
Socket0,IIO Stack 3 - PCIe2,Part0 (1st x16/x8/x4),0,0,0,0,0,0,0,0,0,0,0
Socket0,IIO Stack 3 - PCIe2,Part1 (2nd x4),0,0,0,0
Socket0,IIO Stack 3 - PCIe2,Part2 (2nd x8/3rd x4),0,0,0,0
Socket0,IIO Stack 3 - PCIe2,Part3 (4th x4),0,0,0,0
Socket0,IIO Stack 4 - MCP0,Part0 (1st x16/x8/x4),0,0,0,0,0,0,0,0,0,0,0
Socket0,IIO Stack 4 - MCP0,Part1 (2nd x4),0,0,0,0
Socket0,IIO Stack 4 - MCP0,Part2 (2nd x8/3rd x4),0,0,0,0
Socket0,IIO Stack 4 - MCP0,Part3 (4th x4),0,0,0,0
Socket0,IIO Stack 5 - MCP1,Part0 (1st x16/x8/x4),0,0,0,0,0,0,0,0,0,0,0
Socket0,IIO Stack 5 - MCP1,Part1 (2nd x4),0,0,0,0
Socket0,IIO Stack 5 - MCP1,Part2 (2nd x8/3rd x4),0,0,0,0
Socket0,IIO Stack 5 - MCP1,Part3 (4th x4),0,0,0,0
Socket1,IIO Stack 0 - CBDMA/DMI,Part0 (1st x16/x8/x4),0,0,0,0,0,0,0,0,0,0,0
Socket1,IIO Stack 0 - CBDMA/DMI,Part1 (2nd x4),0,0,0,0
Socket1,IIO Stack 0 - CBDMA/DMI,Part2 (2nd x8/3rd x4),0,0,0,0
Socket1,IIO Stack 0 - CBDMA/DMI,Part3 (4th x4),0,0,0,0
Socket1,IIO Stack 1 - PCIe0,Part0 (1st x16/x8/x4),0,0,0,0,0,0,0,0,0,0,0
Socket1,IIO Stack 1 - PCIe0,Part1 (2nd x4),0,0,0,0
Socket1,IIO Stack 1 - PCIe0,Part2 (2nd x8/3rd x4),0,0,0,0
Socket1,IIO Stack 1 - PCIe0,Part3 (4th x4),0,0,0,0
Socket1,IIO Stack 2 - PCIe1,Part0 (1st x16/x8/x4),0,0,0,0,0,0,0,0,0,0,0
Socket1,IIO Stack 2 - PCIe1,Part1 (2nd x4),0,0,0,0
Socket1,IIO Stack 2 - PCIe1,Part2 (2nd x8/3rd x4),0,0,0,0
Socket1,IIO Stack 2 - PCIe1,Part3 (4th x4),0,0,0,0
Socket1,IIO Stack 3 - PCIe2,Part0 (1st x16/x8/x4),0,0,0,0,0,0,0,0,0,0,0
Socket1,IIO Stack 3 - PCIe2,Part1 (2nd x4),0,0,0,0
Socket1,IIO Stack 3 - PCIe2,Part2 (2nd x8/3rd x4),0,0,0,0
Socket1,IIO Stack 3 - PCIe2,Part3 (4th x4),0,0,0,0
Socket1,IIO Stack 4 - MCP0,Part0 (1st x16/x8/x4),0,0,0,0,0,0,0,0,0,0,0
Socket1,IIO Stack 4 - MCP0,Part1 (2nd x4),0,0,0,0
Socket1,IIO Stack 4 - MCP0,Part2 (2nd x8/3rd x4),0,0,0,0
Socket1,IIO Stack 4 - MCP0,Part3 (4th x4),0,0,0,0
Socket1,IIO Stack 5 - MCP1,Part0 (1st x16/x8/x4),0,0,0,0,0,0,0,0,0,0,0
Socket1,IIO Stack 5 - MCP1,Part1 (2nd x4),0,0,0,0
Socket1,IIO Stack 5 - MCP1,Part2 (2nd x8/3rd x4),0,0,0,0
Socket1,IIO Stack 5 - MCP1,Part3 (4th x4),0,0,0,0
Socket2,IIO Stack 0 - CBDMA/DMI,Part0 (1st x16/x8/x4),0,0,0,0,0,0,0,0,0,0,0
Socket2,IIO Stack 0 - CBDMA/DMI,Part1 (2nd x4),0,0,0,0
Socket2,IIO Stack 0 - CBDMA/DMI,Part2 (2nd x8/3rd x4),0,0,0,0
Socket2,IIO Stack 0 - CBDMA/DMI,Part3 (4th x4),0,0,0,0
Socket2,IIO Stack 1 - PCIe0,Part0 (1st x16/x8/x4),0,0,0,0,0,0,0,0,0,0,0
Socket2,IIO Stack 1 - PCIe0,Part1 (2nd x4),0,0,0,0
Socket2,IIO Stack 1 - PCIe0,Part2 (2nd x8/3rd x4),0,0,0,0
Socket2,IIO Stack 1 - PCIe0,Part3 (4th x4),0,0,0,0
Socket2,IIO Stack 2 - PCIe1,Part0 (1st x16/x8/x4),0,0,0,0,0,0,0,0,0,0,0
Socket2,IIO Stack 2 - PCIe1,Part1 (2nd x4),0,0,0,0
Socket2,IIO Stack 2 - PCIe1,Part2 (2nd x8/3rd x4),0,0,0,0
Socket2,IIO Stack 2 - PCIe1,Part3 (4th x4),0,0,0,0
Socket2,IIO Stack 3 - PCIe2,Part0 (1st x16/x8/x4),0,0,0,0,0,0,0,0,0,0,0
Socket2,IIO Stack 3 - PCIe2,Part1 (2nd x4),0,0,0,0
Socket2,IIO Stack 3 - PCIe2,Part2 (2nd x8/3rd x4),0,0,0,0
Socket2,IIO Stack 3 - PCIe2,Part3 (4th x4),0,0,0,0
Socket2,IIO Stack 4 - MCP0,Part0 (1st x16/x8/x4),0,0,0,0,0,0,0,0,0,0,0
Socket2,IIO Stack 4 - MCP0,Part1 (2nd x4),0,0,0,0
Socket2,IIO Stack 4 - MCP0,Part2 (2nd x8/3rd x4),0,0,0,0
Socket2,IIO Stack 4 - MCP0,Part3 (4th x4),0,0,0,0
Socket2,IIO Stack 5 - MCP1,Part0 (1st x16/x8/x4),0,0,0,0,0,0,0,0,0,0,0
Socket2,IIO Stack 5 - MCP1,Part1 (2nd x4),0,0,0,0
Socket2,IIO Stack 5 - MCP1,Part2 (2nd x8/3rd x4),0,0,0,0
Socket2,IIO Stack 5 - MCP1,Part3 (4th x4),0,0,0,0
Socket3,IIO Stack 0 - CBDMA/DMI,Part0 (1st x16/x8/x4),0,0,0,0,0,0,0,0,0,0,0
Socket3,IIO Stack 0 - CBDMA/DMI,Part1 (2nd x4),0,0,0,0
Socket3,IIO Stack 0 - CBDMA/DMI,Part2 (2nd x8/3rd x4),0,0,0,0
Socket3,IIO Stack 0 - CBDMA/DMI,Part3 (4th x4),0,0,0,0
Socket3,IIO Stack 1 - PCIe0,Part0 (1st x16/x8/x4),0,0,0,0,0,0,0,0,0,0,0
Socket3,IIO Stack 1 - PCIe0,Part1 (2nd x4),0,0,0,0
Socket3,IIO Stack 1 - PCIe0,Part2 (2nd x8/3rd x4),0,0,0,0
Socket3,IIO Stack 1 - PCIe0,Part3 (4th x4),0,0,0,0
Socket3,IIO Stack 2 - PCIe1,Part0 (1st x16/x8/x4),0,0,0,0,0,0,0,0,0,0,0
Socket3,IIO Stack 2 - PCIe1,Part1 (2nd x4),0,0,0,0
Socket3,IIO Stack 2 - PCIe1,Part2 (2nd x8/3rd x4),0,0,0,0
Socket3,IIO Stack 2 - PCIe1,Part3 (4th x4),0,0,0,0
Socket3,IIO Stack 3 - PCIe2,Part0 (1st x16/x8/x4),0,0,0,0,0,0,0,0,0,0,0
Socket3,IIO Stack 3 - PCIe2,Part1 (2nd x4),0,0,0,0
Socket3,IIO Stack 3 - PCIe2,Part2 (2nd x8/3rd x4),0,0,0,0
Socket3,IIO Stack 3 - PCIe2,Part3 (4th x4),0,0,0,0
Socket3,IIO Stack 4 - MCP0,Part0 (1st x16/x8/x4),0,0,0,0,0,0,0,0,0,0,0
Socket3,IIO Stack 4 - MCP0,Part1 (2nd x4),0,0,0,0
Socket3,IIO Stack 4 - MCP0,Part2 (2nd x8/3rd x4),0,0,0,0
Socket3,IIO Stack 4 - MCP0,Part3 (4th x4),0,0,0,0
Socket3,IIO Stack 5 - MCP1,Part0 (1st x16/x8/x4),0,0,0,0,0,0,0,0,0,0,0
Socket3,IIO Stack 5 - MCP1,Part1 (2nd x4),0,0,0,0
Socket3,IIO Stack 5 - MCP1,Part2 (2nd x8/3rd x4),0,0,0,0
Socket3,IIO Stack 5 - MCP1,Part3 (4th x4),0,0,0,0
Socket,Name,Part,IB write (bytes),IB read (bytes),OB read (bytes),OB write (bytes),IOTLB Hit,IOTLB Miss,VT-d CTXT Miss,VT-d L1 Miss,VT-d L2 Miss,VT-d L3 Miss,VT-d Mem Read
Socket0,IIO Stack 0 - CBDMA/DMI,Part0 (1st x16/x8/x4),0,0,0,0,0,23,0,0,0,0,23
Socket0,IIO Stack 0 - CBDMA/DMI,Part1 (2nd x4),1116,0,0,372
Socket0,IIO Stack 0 - CBDMA/DMI,Part2 (2nd x8/3rd x4),0,0,0,0
Socket0,IIO Stack 0 - CBDMA/DMI,Part3 (4th x4),0,0,0,0
Socket0,IIO Stack 1 - PCIe0,Part0 (1st x16/x8/x4),0,0,0,0,0,0,0,0,0,0,0
Socket0,IIO Stack 1 - PCIe0,Part1 (2nd x4),0,0,0,0
Socket0,IIO Stack 1 - PCIe0,Part2 (2nd x8/3rd x4),0,0,0,0
Socket0,IIO Stack 1 - PCIe0,Part3 (4th x4),0,0,0,0
Socket0,IIO Stack 2 - PCIe1,Part0 (1st x16/x8/x4),0,1290418,0,0,20139,0,0,0,0,0,0
Socket0,IIO Stack 2 - PCIe1,Part1 (2nd x4),0,0,0,0
Socket0,IIO Stack 2 - PCIe1,Part2 (2nd x8/3rd x4),0,0,0,0
Socket0,IIO Stack 2 - PCIe1,Part3 (4th x4),0,0,0,0
Socket0,IIO Stack 3 - PCIe2,Part0 (1st x16/x8/x4),0,0,0,34232,0,0,0,0,0,0,0
Socket0,IIO Stack 3 - PCIe2,Part1 (2nd x4),0,0,0,0
Socket0,IIO Stack 3 - PCIe2,Part2 (2nd x8/3rd x4),0,0,0,0
Socket0,IIO Stack 3 - PCIe2,Part3 (4th x4),0,0,0,0
Socket0,IIO Stack 4 - MCP0,Part0 (1st x16/x8/x4),0,0,0,0,0,0,0,0,0,0,0
Socket0,IIO Stack 4 - MCP0,Part1 (2nd x4),0,0,0,0
Socket0,IIO Stack 4 - MCP0,Part2 (2nd x8/3rd x4),0,0,0,0
Socket0,IIO Stack 4 - MCP0,Part3 (4th x4),0,0,0,0
Socket0,IIO Stack 5 - MCP1,Part0 (1st x16/x8/x4),0,0,0,0,0,0,0,0,0,0,0
Socket0,IIO Stack 5 - MCP1,Part1 (2nd x4),0,0,0,0
Socket0,IIO Stack 5 - MCP1,Part2 (2nd x8/3rd x4),0,0,0,0
Socket0,IIO Stack 5 - MCP1,Part3 (4th x4),0,0,0,0
Socket1,IIO Stack 0 - CBDMA/DMI,Part0 (1st x16/x8/x4),0,0,0,0,0,0,0,0,0,0,0
Socket1,IIO Stack 0 - CBDMA/DMI,Part1 (2nd x4),0,0,0,0
Socket1,IIO Stack 0 - CBDMA/DMI,Part2 (2nd x8/3rd x4),0,0,0,0
Socket1,IIO Stack 0 - CBDMA/DMI,Part3 (4th x4),0,0,0,0
Socket1,IIO Stack 1 - PCIe0,Part0 (1st x16/x8/x4),0,0,0,0,0,0,0,0,0,0,0
Socket1,IIO Stack 1 - PCIe0,Part1 (2nd x4),0,0,0,0
Socket1,IIO Stack 1 - PCIe0,Part2 (2nd x8/3rd x4),0,0,0,0
Socket1,IIO Stack 1 - PCIe0,Part3 (4th x4),0,0,0,0
Socket1,IIO Stack 2 - PCIe1,Part0 (1st x16/x8/x4),0,0,0,0,0,0,0,0,0,0,0
Socket1,IIO Stack 2 - PCIe1,Part1 (2nd x4),0,0,0,0
Socket1,IIO Stack 2 - PCIe1,Part2 (2nd x8/3rd x4),0,0,0,0
Socket1,IIO Stack 2 - PCIe1,Part3 (4th x4),0,0,0,0
Socket1,IIO Stack 3 - PCIe2,Part0 (1st x16/x8/x4),0,0,0,0,0,0,0,0,0,0,0
Socket1,IIO Stack 3 - PCIe2,Part1 (2nd x4),0,0,0,0
Socket1,IIO Stack 3 - PCIe2,Part2 (2nd x8/3rd x4),0,0,0,0
Socket1,IIO Stack 3 - PCIe2,Part3 (4th x4),0,0,0,0
Socket1,IIO Stack 4 - MCP0,Part0 (1st x16/x8/x4),0,0,0,0,0,0,0,0,0,0,0
Socket1,IIO Stack 4 - MCP0,Part1 (2nd x4),0,0,0,0
Socket1,IIO Stack 4 - MCP0,Part2 (2nd x8/3rd x4),0,0,0,0
Socket1,IIO Stack 4 - MCP0,Part3 (4th x4),0,0,0,0
Socket1,IIO Stack 5 - MCP1,Part0 (1st x16/x8/x4),0,0,0,0,0,0,0,0,0,0,0
Socket1,IIO Stack 5 - MCP1,Part1 (2nd x4),0,0,0,0
Socket1,IIO Stack 5 - MCP1,Part2 (2nd x8/3rd x4),0,0,0,0
Socket1,IIO Stack 5 - MCP1,Part3 (4th x4),0,0,0,0
Socket2,IIO Stack 0 - CBDMA/DMI,Part0 (1st x16/x8/x4),0,0,0,0,0,0,0,0,0,0,0
Socket2,IIO Stack 0 - CBDMA/DMI,Part1 (2nd x4),0,0,0,0
Socket2,IIO Stack 0 - CBDMA/DMI,Part2 (2nd x8/3rd x4),0,0,0,0
Socket2,IIO Stack 0 - CBDMA/DMI,Part3 (4th x4),0,0,0,0
Socket2,IIO Stack 1 - PCIe0,Part0 (1st x16/x8/x4),0,0,0,0,0,0,0,0,0,0,0
Socket2,IIO Stack 1 - PCIe0,Part1 (2nd x4),0,0,0,0
Socket2,IIO Stack 1 - PCIe0,Part2 (2nd x8/3rd x4),0,0,0,0
Socket2,IIO Stack 1 - PCIe0,Part3 (4th x4),0,0,0,0
Socket2,IIO Stack 2 - PCIe1,Part0 (1st x16/x8/x4),0,0,0,0,0,0,0,0,0,0,0
Socket2,IIO Stack 2 - PCIe1,Part1 (2nd x4),0,0,0,0
Socket2,IIO Stack 2 - PCIe1,Part2 (2nd x8/3rd x4),0,0,0,0
Socket2,IIO Stack 2 - PCIe1,Part3 (4th x4),0,0,0,0
Socket2,IIO Stack 3 - PCIe2,Part0 (1st x16/x8/x4),0,0,0,0,0,0,0,0,0,0,0
Socket2,IIO Stack 3 - PCIe2,Part1 (2nd x4),0,0,0,0
Socket2,IIO Stack 3 - PCIe2,Part2 (2nd x8/3rd x4),0,0,0,0
Socket2,IIO Stack 3 - PCIe2,Part3 (4th x4),0,0,0,0
Socket2,IIO Stack 4 - MCP0,Part0 (1st x16/x8/x4),0,0,0,0,0,0,0,0,0,0,0
Socket2,IIO Stack 4 - MCP0,Part1 (2nd x4),0,0,0,0
Socket2,IIO Stack 4 - MCP0,Part2 (2nd x8/3rd x4),0,0,0,0
Socket2,IIO Stack 4 - MCP0,Part3 (4th x4),0,0,0,0
Socket2,IIO Stack 5 - MCP1,Part0 (1st x16/x8/x4),0,0,0,0,0,0,0,0,0,0,0
Socket2,IIO Stack 5 - MCP1,Part1 (2nd x4),0,0,0,0
Socket2,IIO Stack 5 - MCP1,Part2 (2nd x8/3rd x4),0,0,0,0
Socket2,IIO Stack 5 - MCP1,Part3 (4th x4),0,0,0,0
Socket3,IIO Stack 0 - CBDMA/DMI,Part0 (1st x16/x8/x4),0,0,0,0,0,0,0,0,0,0,0
Socket3,IIO Stack 0 - CBDMA/DMI,Part1 (2nd x4),0,0,0,0
Socket3,IIO Stack 0 - CBDMA/DMI,Part2 (2nd x8/3rd x4),0,0,0,0
Socket3,IIO Stack 0 - CBDMA/DMI,Part3 (4th x4),0,0,0,0
Socket3,IIO Stack 1 - PCIe0,Part0 (1st x16/x8/x4),0,0,0,0,0,0,0,0,0,0,0
Socket3,IIO Stack 1 - PCIe0,Part1 (2nd x4),0,0,0,0
Socket3,IIO Stack 1 - PCIe0,Part2 (2nd x8/3rd x4),0,0,0,0
Socket3,IIO Stack 1 - PCIe0,Part3 (4th x4),0,0,0,0
Socket3,IIO Stack 2 - PCIe1,Part0 (1st x16/x8/x4),0,0,0,0,0,0,0,0,0,0,0
Socket3,IIO Stack 2 - PCIe1,Part1 (2nd x4),0,0,0,0
Socket3,IIO Stack 2 - PCIe1,Part2 (2nd x8/3rd x4),0,0,0,0
Socket3,IIO Stack 2 - PCIe1,Part3 (4th x4),0,0,0,0
Socket3,IIO Stack 3 - PCIe2,Part0 (1st x16/x8/x4),0,0,0,0,0,0,0,0,0,0,0
Socket3,IIO Stack 3 - PCIe2,Part1 (2nd x4),0,0,0,0
Socket3,IIO Stack 3 - PCIe2,Part2 (2nd x8/3rd x4),0,0,0,0
Socket3,IIO Stack 3 - PCIe2,Part3 (4th x4),0,0,0,0
Socket3,IIO Stack 4 - MCP0,Part0 (1st x16/x8/x4),0,0,0,0,0,0,0,0,0,0,0
Socket3,IIO Stack 4 - MCP0,Part1 (2nd x4),0,0,0,0
Socket3,IIO Stack 4 - MCP0,Part2 (2nd x8/3rd x4),0,0,0,0
Socket3,IIO Stack 4 - MCP0,Part3 (4th x4),0,0,0,0
Socket3,IIO Stack 5 - MCP1,Part0 (1st x16/x8/x4),0,0,0,0,0,0,0,0,0,0,0
Socket3,IIO Stack 5 - MCP1,Part1 (2nd x4),0,0,0,0
Socket3,IIO Stack 5 - MCP1,Part2 (2nd x8/3rd x4),0,0,0,0
Socket3,IIO Stack 5 - MCP1,Part3 (4th x4),0,0,0,0
Socket,Name,Part,IB write (bytes),IB read (bytes),OB read (bytes),OB write (bytes),IOTLB Hit,IOTLB Miss,VT-d CTXT Miss,VT-d L1 Miss,VT-d L2 Miss,VT-d L3 Miss,VT-d Mem Read
Socket0,IIO Stack 0 - CBDMA/DMI,Part0 (1st x16/x8/x4),0,0,0,0,209,23,0,0,0,0,23
Socket0,IIO Stack 0 - CBDMA/DMI,Part1 (2nd x4),1116,0,0,0
Socket0,IIO Stack 0 - CBDMA/DMI,Part2 (2nd x8/3rd x4),0,0,0,0
Socket0,IIO Stack 0 - CBDMA/DMI,Part3 (4th x4),0,0,0,0
Socket0,IIO Stack 1 - PCIe0,Part0 (1st x16/x8/x4),0,0,0,0,0,0,0,0,0,0,0
Socket0,IIO Stack 1 - PCIe0,Part1 (2nd x4),0,0,0,0
Socket0,IIO Stack 1 - PCIe0,Part2 (2nd x8/3rd x4),0,0,0,0
Socket0,IIO Stack 1 - PCIe0,Part3 (4th x4),0,0,0,0
Socket0,IIO Stack 2 - PCIe1,Part0 (1st x16/x8/x4),13395,1290418,0,0,20162,93,0,0,0,0,0
Socket0,IIO Stack 2 - PCIe1,Part1 (2nd x4),0,0,0,0
Socket0,IIO Stack 2 - PCIe1,Part2 (2nd x8/3rd x4),0,0,0,0
Socket0,IIO Stack 2 - PCIe1,Part3 (4th x4),0,0,0,0
Socket0,IIO Stack 3 - PCIe2,Part0 (1st x16/x8/x4),0,0,0,0,0,0,0,0,0,0,0
Socket0,IIO Stack 3 - PCIe2,Part1 (2nd x4),0,0,0,0
Socket0,IIO Stack 3 - PCIe2,Part2 (2nd x8/3rd x4),0,0,0,0
Socket0,IIO Stack 3 - PCIe2,Part3 (4th x4),0,0,0,0
Socket0,IIO Stack 4 - MCP0,Part0 (1st x16/x8/x4),0,0,0,0,0,0,0,0,0,0,0
Socket0,IIO Stack 4 - MCP0,Part1 (2nd x4),0,0,0,0
Socket0,IIO Stack 4 - MCP0,Part2 (2nd x8/3rd x4),0,0,0,0
Socket0,IIO Stack 4 - MCP0,Part3 (4th x4),0,0,0,0
Socket0,IIO Stack 5 - MCP1,Part0 (1st x16/x8/x4),0,0,0,0,0,0,0,0,0,0,0
Socket0,IIO Stack 5 - MCP1,Part1 (2nd x4),0,0,0,0
Socket0,IIO Stack 5 - MCP1,Part2 (2nd x8/3rd x4),0,0,0,0
Socket0,IIO Stack 5 - MCP1,Part3 (4th x4),0,0,0,0
Socket1,IIO Stack 0 - CBDMA/DMI,Part0 (1st x16/x8/x4),0,0,0,0,0,0,0,0,0,0,0
Socket1,IIO Stack 0 - CBDMA/DMI,Part1 (2nd x4),0,0,0,0
Socket1,IIO Stack 0 - CBDMA/DMI,Part2 (2nd x8/3rd x4),0,0,0,0
Socket1,IIO Stack 0 - CBDMA/DMI,Part3 (4th x4),0,0,0,0
Socket1,IIO Stack 1 - PCIe0,Part0 (1st x16/x8/x4),0,0,0,0,0,0,0,0,0,0,0
Socket1,IIO Stack 1 - PCIe0,Part1 (2nd x4),0,0,0,0
Socket1,IIO Stack 1 - PCIe0,Part2 (2nd x8/3rd x4),0,0,0,0
Socket1,IIO Stack 1 - PCIe0,Part3 (4th x4),0,0,0,0
Socket1,IIO Stack 2 - PCIe1,Part0 (1st x16/x8/x4),0,0,0,0,0,0,0,0,0,0,0
Socket1,IIO Stack 2 - PCIe1,Part1 (2nd x4),0,0,0,0
Socket1,IIO Stack 2 - PCIe1,Part2 (2nd x8/3rd x4),0,0,0,0
Socket1,IIO Stack 2 - PCIe1,Part3 (4th x4),0,0,0,0
Socket1,IIO Stack 3 - PCIe2,Part0 (1st x16/x8/x4),0,0,0,0,0,0,0,0,0,0,0
Socket1,IIO Stack 3 - PCIe2,Part1 (2nd x4),0,0,0,0
Socket1,IIO Stack 3 - PCIe2,Part2 (2nd x8/3rd x4),0,0,0,0
Socket1,IIO Stack 3 - PCIe2,Part3 (4th x4),0,0,0,0
Socket1,IIO Stack 4 - MCP0,Part0 (1st x16/x8/x4),0,0,0,0,0,0,0,0,0,0,0
Socket1,IIO Stack 4 - MCP0,Part1 (2nd x4),0,0,0,0
Socket1,IIO Stack 4 - MCP0,Part2 (2nd x8/3rd x4),0,0,0,0
Socket1,IIO Stack 4 - MCP0,Part3 (4th x4),0,0,0,0
Socket1,IIO Stack 5 - MCP1,Part0 (1st x16/x8/x4),0,0,0,0,0,0,0,0,0,0,0
Socket1,IIO Stack 5 - MCP1,Part1 (2nd x4),0,0,0,0
Socket1,IIO Stack 5 - MCP1,Part2 (2nd x8/3rd x4),0,0,0,0
Socket1,IIO Stack 5 - MCP1,Part3 (4th x4),0,0,0,0
Socket2,IIO Stack 0 - CBDMA/DMI,Part0 (1st x16/x8/x4),0,0,0,0,0,0,0,0,0,0,0
Socket2,IIO Stack 0 - CBDMA/DMI,Part1 (2nd x4),0,0,0,0
Socket2,IIO Stack 0 - CBDMA/DMI,Part2 (2nd x8/3rd x4),0,0,0,0
Socket2,IIO Stack 0 - CBDMA/DMI,Part3 (4th x4),0,0,0,0
Socket2,IIO Stack 1 - PCIe0,Part0 (1st x16/x8/x4),0,0,0,0,0,0,0,0,0,0,0
Socket2,IIO Stack 1 - PCIe0,Part1 (2nd x4),0,0,0,0
Socket2,IIO Stack 1 - PCIe0,Part2 (2nd x8/3rd x4),0,0,0,0
Socket2,IIO Stack 1 - PCIe0,Part3 (4th x4),0,0,0,0
Socket2,IIO Stack 2 - PCIe1,Part0 (1st x16/x8/x4),0,0,0,0,0,0,0,0,0,0,0
Socket2,IIO Stack 2 - PCIe1,Part1 (2nd x4),0,0,0,0
Socket2,IIO Stack 2 - PCIe1,Part2 (2nd x8/3rd x4),0,0,0,0
Socket2,IIO Stack 2 - PCIe1,Part3 (4th x4),0,0,0,0
Socket2,IIO Stack 3 - PCIe2,Part0 (1st x16/x8/x4),0,0,0,0,0,0,0,0,0,0,0
Socket2,IIO Stack 3 - PCIe2,Part1 (2nd x4),0,0,0,0
Socket2,IIO Stack 3 - PCIe2,Part2 (2nd x8/3rd x4),0,0,0,0
Socket2,IIO Stack 3 - PCIe2,Part3 (4th x4),0,0,0,0
Socket2,IIO Stack 4 - MCP0,Part0 (1st x16/x8/x4),0,0,0,0,0,0,0,0,0,0,0
Socket2,IIO Stack 4 - MCP0,Part1 (2nd x4),0,0,0,0
Socket2,IIO Stack 4 - MCP0,Part2 (2nd x8/3rd x4),0,0,0,0
Socket2,IIO Stack 4 - MCP0,Part3 (4th x4),0,0,0,0
Socket2,IIO Stack 5 - MCP1,Part0 (1st x16/x8/x4),0,0,0,0,0,0,0,0,0,0,0
Socket2,IIO Stack 5 - MCP1,Part1 (2nd x4),0,0,0,0
Socket2,IIO Stack 5 - MCP1,Part2 (2nd x8/3rd x4),0,0,0,0
Socket2,IIO Stack 5 - MCP1,Part3 (4th x4),0,0,0,0
Socket3,IIO Stack 0 - CBDMA/DMI,Part0 (1st x16/x8/x4),0,0,0,0,0,0,0,0,0,0,0
Socket3,IIO Stack 0 - CBDMA/DMI,Part1 (2nd x4),0,0,0,0
Socket3,IIO Stack 0 - CBDMA/DMI,Part2 (2nd x8/3rd x4),0,0,0,0
Socket3,IIO Stack 0 - CBDMA/DMI,Part3 (4th x4),0,0,0,0
Socket3,IIO Stack 1 - PCIe0,Part0 (1st x16/x8/x4),0,0,0,0,0,0,0,0,0,0,0
Socket3,IIO Stack 1 - PCIe0,Part1 (2nd x4),0,0,0,0
Socket3,IIO Stack 1 - PCIe0,Part2 (2nd x8/3rd x4),0,0,0,0
Socket3,IIO Stack 1 - PCIe0,Part3 (4th x4),0,0,0,0
Socket3,IIO Stack 2 - PCIe1,Part0 (1st x16/x8/x4),0,0,0,0,0,0,0,0,0,0,0
Socket3,IIO Stack 2 - PCIe1,Part1 (2nd x4),0,0,0,0
Socket3,IIO Stack 2 - PCIe1,Part2 (2nd x8/3rd x4),0,0,0,0
Socket3,IIO Stack 2 - PCIe1,Part3 (4th x4),0,0,0,0
Socket3,IIO Stack 3 - PCIe2,Part0 (1st x16/x8/x4),0,0,0,0,0,0,0,0,0,0,0
Socket3,IIO Stack 3 - PCIe2,Part1 (2nd x4),0,0,0,0
Socket3,IIO Stack 3 - PCIe2,Part2 (2nd x8/3rd x4),0,0,0,0
Socket3,IIO Stack 3 - PCIe2,Part3 (4th x4),0,0,0,0
Socket3,IIO Stack 4 - MCP0,Part0 (1st x16/x8/x4),0,0,0,0,0,0,0,0,0,0,0
Socket3,IIO Stack 4 - MCP0,Part1 (2nd x4),0,0,0,0
Socket3,IIO Stack 4 - MCP0,Part2 (2nd x8/3rd x4),0,0,0,0
Socket3,IIO Stack 4 - MCP0,Part3 (4th x4),0,0,0,0
Socket3,IIO Stack 5 - MCP1,Part0 (1st x16/x8/x4),0,0,0,0,0,0,0,0,0,0,0
Socket3,IIO Stack 5 - MCP1,Part1 (2nd x4),0,0,0,0
Socket3,IIO Stack 5 - MCP1,Part2 (2nd x8/3rd x4),0,0,0,0
Socket3,IIO Stack 5 - MCP1,Part3 (4th x4),0,0,0,0
Socket,Name,Part,IB write (bytes),IB read (bytes),OB read (bytes),OB write (bytes),IOTLB Hit,IOTLB Miss,VT-d CTXT Miss,VT-d L1 Miss,VT-d L2 Miss,VT-d L3 Miss,VT-d Mem Read
Socket0,IIO Stack 0 - CBDMA/DMI,Part0 (1st x16/x8/x4),0,0,0,0,232,0,0,0,0,0,0
Socket0,IIO Stack 0 - CBDMA/DMI,Part1 (2nd x4),3255,0,0,0
Socket0,IIO Stack 0 - CBDMA/DMI,Part2 (2nd x8/3rd x4),0,0,0,0
Socket0,IIO Stack 0 - CBDMA/DMI,Part3 (4th x4),95255,571534,0,0
Socket0,IIO Stack 1 - PCIe0,Part0 (1st x16/x8/x4),0,0,0,0,0,0,0,0,0,0,0
Socket0,IIO Stack 1 - PCIe0,Part1 (2nd x4),0,0,0,0
Socket0,IIO Stack 1 - PCIe0,Part2 (2nd x8/3rd x4),0,0,0,0
Socket0,IIO Stack 1 - PCIe0,Part3 (4th x4),0,0,0,0
Socket0,IIO Stack 2 - PCIe1,Part0 (1st x16/x8/x4),0,1311255,0,0,20139,0,0,0,0,0,0
Socket0,IIO Stack 2 - PCIe1,Part1 (2nd x4),0,0,0,0
Socket0,IIO Stack 2 - PCIe1,Part2 (2nd x8/3rd x4),0,0,0,0
Socket0,IIO Stack 2 - PCIe1,Part3 (4th x4),0,0,0,0
Socket0,IIO Stack 3 - PCIe2,Part0 (1st x16/x8/x4),0,0,0,0,0,0,0,0,0,0,0
Socket0,IIO Stack 3 - PCIe2,Part1 (2nd x4),0,0,0,0
Socket0,IIO Stack 3 - PCIe2,Part2 (2nd x8/3rd x4),0,0,0,0
Socket0,IIO Stack 3 - PCIe2,Part3 (4th x4),0,0,0,0
Socket0,IIO Stack 4 - MCP0,Part0 (1st x16/x8/x4),0,0,0,0,0,0,0,0,0,0,0
Socket0,IIO Stack 4 - MCP0,Part1 (2nd x4),0,0,0,0
Socket0,IIO Stack 4 - MCP0,Part2 (2nd x8/3rd x4),0,0,0,0
Socket0,IIO Stack 4 - MCP0,Part3 (4th x4),0,0,0,0
Socket0,IIO Stack 5 - MCP1,Part0 (1st x16/x8/x4),0,0,0,0,0,0,0,0,0,0,0
Socket0,IIO Stack 5 - MCP1,Part1 (2nd x4),0,0,0,0
Socket0,IIO Stack 5 - MCP1,Part2 (2nd x8/3rd x4),0,0,0,0
Socket0,IIO Stack 5 - MCP1,Part3 (4th x4),0,0,0,0
Socket1,IIO Stack 0 - CBDMA/DMI,Part0 (1st x16/x8/x4),0,0,0,0,0,0,0,0,0,0,0
Socket1,IIO Stack 0 - CBDMA/DMI,Part1 (2nd x4),0,0,0,0
Socket1,IIO Stack 0 - CBDMA/DMI,Part2 (2nd x8/3rd x4),0,0,0,0
Socket1,IIO Stack 0 - CBDMA/DMI,Part3 (4th x4),0,0,0,0
Socket1,IIO Stack 1 - PCIe0,Part0 (1st x16/x8/x4),0,0,0,0,0,0,0,0,0,0,0
Socket1,IIO Stack 1 - PCIe0,Part1 (2nd x4),0,0,0,0
Socket1,IIO Stack 1 - PCIe0,Part2 (2nd x8/3rd x4),0,0,0,0
Socket1,IIO Stack 1 - PCIe0,Part3 (4th x4),0,0,0,0
Socket1,IIO Stack 2 - PCIe1,Part0 (1st x16/x8/x4),0,0,0,0,0,0,0,0,0,0,0
Socket1,IIO Stack 2 - PCIe1,Part1 (2nd x4),0,0,0,0
Socket1,IIO Stack 2 - PCIe1,Part2 (2nd x8/3rd x4),0,0,0,0
Socket1,IIO Stack 2 - PCIe1,Part3 (4th x4),0,0,0,0
Socket1,IIO Stack 3 - PCIe2,Part0 (1st x16/x8/x4),0,0,0,0,0,0,0,0,0,0,0
Socket1,IIO Stack 3 - PCIe2,Part1 (2nd x4),0,0,0,0
Socket1,IIO Stack 3 - PCIe2,Part2 (2nd x8/3rd x4),0,0,0,0
Socket1,IIO Stack 3 - PCIe2,Part3 (4th x4),0,0,0,0
Socket1,IIO Stack 4 - MCP0,Part0 (1st x16/x8/x4),0,0,0,0,0,0,0,0,0,0,0
Socket1,IIO Stack 4 - MCP0,Part1 (2nd x4),0,0,0,0
Socket1,IIO Stack 4 - MCP0,Part2 (2nd x8/3rd x4),0,0,0,0
Socket1,IIO Stack 4 - MCP0,Part3 (4th x4),0,0,0,0
Socket1,IIO Stack 5 - MCP1,Part0 (1st x16/x8/x4),0,0,0,0,0,0,0,0,0,0,0
Socket1,IIO Stack 5 - MCP1,Part1 (2nd x4),0,0,0,0
Socket1,IIO Stack 5 - MCP1,Part2 (2nd x8/3rd x4),0,0,0,0
Socket1,IIO Stack 5 - MCP1,Part3 (4th x4),0,0,0,0
Socket2,IIO Stack 0 - CBDMA/DMI,Part0 (1st x16/x8/x4),0,0,0,0,0,0,0,0,0,0,0
Socket2,IIO Stack 0 - CBDMA/DMI,Part1 (2nd x4),0,0,0,0
Socket2,IIO Stack 0 - CBDMA/DMI,Part2 (2nd x8/3rd x4),0,0,0,0
Socket2,IIO Stack 0 - CBDMA/DMI,Part3 (4th x4),0,0,0,0
Socket2,IIO Stack 1 - PCIe0,Part0 (1st x16/x8/x4),0,0,0,0,0,0,0,0,0,0,0
Socket2,IIO Stack 1 - PCIe0,Part1 (2nd x4),0,0,0,0
Socket2,IIO Stack 1 - PCIe0,Part2 (2nd x8/3rd x4),0,0,0,0
Socket2,IIO Stack 1 - PCIe0,Part3 (4th x4),0,0,0,0
Socket2,IIO Stack 2 - PCIe1,Part0 (1st x16/x8/x4),0,0,0,0,0,0,0,0,0,0,0
Socket2,IIO Stack 2 - PCIe1,Part1 (2nd x4),0,0,0,0
Socket2,IIO Stack 2 - PCIe1,Part2 (2nd x8/3rd x4),0,0,0,0
Socket2,IIO Stack 2 - PCIe1,Part3 (4th x4),0,0,0,0
Socket2,IIO Stack 3 - PCIe2,Part0 (1st x16/x8/x4),0,0,0,0,0,0,0,0,0,0,0
Socket2,IIO Stack 3 - PCIe2,Part1 (2nd x4),0,0,0,0
Socket2,IIO Stack 3 - PCIe2,Part2 (2nd x8/3rd x4),0,0,0,0
Socket2,IIO Stack 3 - PCIe2,Part3 (4th x4),0,0,0,0
Socket2,IIO Stack 4 - MCP0,Part0 (1st x16/x8/x4),0,0,0,0,0,0,0,0,0,0,0
Socket2,IIO Stack 4 - MCP0,Part1 (2nd x4),0,0,0,0
Socket2,IIO Stack 4 - MCP0,Part2 (2nd x8/3rd x4),0,0,0,0
Socket2,IIO Stack 4 - MCP0,Part3 (4th x4),0,0,0,0
Socket2,IIO Stack 5 - MCP1,Part0 (1st x16/x8/x4),0,0,0,0,0,0,0,0,0,0,0
Socket2,IIO Stack 5 - MCP1,Part1 (2nd x4),0,0,0,0
Socket2,IIO Stack 5 - MCP1,Part2 (2nd x8/3rd x4),0,0,0,0
Socket2,IIO Stack 5 - MCP1,Part3 (4th x4),0,0,0,0
Socket3,IIO Stack 0 - CBDMA/DMI,Part0 (1st x16/x8/x4),0,0,0,0,0,0,0,0,0,0,0
Socket3,IIO Stack 0 - CBDMA/DMI,Part1 (2nd x4),0,0,0,0
Socket3,IIO Stack 0 - CBDMA/DMI,Part2 (2nd x8/3rd x4),0,0,0,0
Socket3,IIO Stack 0 - CBDMA/DMI,Part3 (4th x4),0,0,0,0
Socket3,IIO Stack 1 - PCIe0,Part0 (1st x16/x8/x4),0,0,0,0,0,0,0,0,0,0,0
Socket3,IIO Stack 1 - PCIe0,Part1 (2nd x4),0,0,0,0
Socket3,IIO Stack 1 - PCIe0,Part2 (2nd x8/3rd x4),0,0,0,0
Socket3,IIO Stack 1 - PCIe0,Part3 (4th x4),0,0,0,0
Socket3,IIO Stack 2 - PCIe1,Part0 (1st x16/x8/x4),0,0,0,0,0,0,0,0,0,0,0
Socket3,IIO Stack 2 - PCIe1,Part1 (2nd x4),0,0,0,0
Socket3,IIO Stack 2 - PCIe1,Part2 (2nd x8/3rd x4),0,0,0,0
Socket3,IIO Stack 2 - PCIe1,Part3 (4th x4),0,0,0,0
Socket3,IIO Stack 3 - PCIe2,Part0 (1st x16/x8/x4),0,0,0,0,0,0,0,0,0,0,0
Socket3,IIO Stack 3 - PCIe2,Part1 (2nd x4),0,0,0,0
Socket3,IIO Stack 3 - PCIe2,Part2 (2nd x8/3rd x4),0,0,0,0
Socket3,IIO Stack 3 - PCIe2,Part3 (4th x4),0,0,0,0
Socket3,IIO Stack 4 - MCP0,Part0 (1st x16/x8/x4),0,0,0,0,0,0,0,0,0,0,0
Socket3,IIO Stack 4 - MCP0,Part1 (2nd x4),0,0,0,0
Socket3,IIO Stack 4 - MCP0,Part2 (2nd x8/3rd x4),0,0,0,0
Socket3,IIO Stack 4 - MCP0,Part3 (4th x4),0,0,0,0
Socket3,IIO Stack 5 - MCP1,Part0 (1st x16/x8/x4),0,0,0,0,0,0,0,0,0,0,0
Socket3,IIO Stack 5 - MCP1,Part1 (2nd x4),0,0,0,0
Socket3,IIO Stack 5 - MCP1,Part2 (2nd x8/3rd x4),0,0,0,0
Socket3,IIO Stack 5 - MCP1,Part3 (4th x4),0,0,0,0
Socket,Name,Part,IB write (bytes),IB read (bytes),OB read (bytes),OB write (bytes),IOTLB Hit,IOTLB Miss,VT-d CTXT Miss,VT-d L1 Miss,VT-d L2 Miss,VT-d L3 Miss,VT-d Mem Read
Socket0,IIO Stack 0 - CBDMA/DMI,Part0 (1st x16/x8/x4),0,0,0,0,0,0,0,0,0,0,0
Socket0,IIO Stack 0 - CBDMA/DMI,Part1 (2nd x4),1488,0,0,0
Socket0,IIO Stack 0 - CBDMA/DMI,Part2 (2nd x8/3rd x4),0,0,0,0
Socket0,IIO Stack 0 - CBDMA/DMI,Part3 (4th x4),0,95255,0,0
Socket0,IIO Stack 1 - PCIe0,Part0 (1st x16/x8/x4),0,0,0,0,0,0,0,0,0,0,0
Socket0,IIO Stack 1 - PCIe0,Part1 (2nd x4),0,0,0,0
Socket0,IIO Stack 1 - PCIe0,Part2 (2nd x8/3rd x4),0,0,0,0
Socket0,IIO Stack 1 - PCIe0,Part3 (4th x4),0,0,0,0
Socket0,IIO Stack 2 - PCIe1,Part0 (1st x16/x8/x4),0,1290418,0,0,20162,0,0,0,0,0,46
Socket0,IIO Stack 2 - PCIe1,Part1 (2nd x4),0,0,0,0
Socket0,IIO Stack 2 - PCIe1,Part2 (2nd x8/3rd x4),0,0,0,0
Socket0,IIO Stack 2 - PCIe1,Part3 (4th x4),0,0,0,0
Socket0,IIO Stack 3 - PCIe2,Part0 (1st x16/x8/x4),0,0,0,0,0,0,0,0,0,0,0
Socket0,IIO Stack 3 - PCIe2,Part1 (2nd x4),0,0,0,0
Socket0,IIO Stack 3 - PCIe2,Part2 (2nd x8/3rd x4),0,0,0,0
Socket0,IIO Stack 3 - PCIe2,Part3 (4th x4),0,0,0,0
Socket0,IIO Stack 4 - MCP0,Part0 (1st x16/x8/x4),0,0,0,0,0,0,0,0,0,0,0
Socket0,IIO Stack 4 - MCP0,Part1 (2nd x4),0,0,0,0
Socket0,IIO Stack 4 - MCP0,Part2 (2nd x8/3rd x4),0,0,0,0
Socket0,IIO Stack 4 - MCP0,Part3 (4th x4),0,0,0,0
Socket0,IIO Stack 5 - MCP1,Part0 (1st x16/x8/x4),0,0,0,0,0,0,0,0,0,0,0
Socket0,IIO Stack 5 - MCP1,Part1 (2nd x4),0,0,0,0
Socket0,IIO Stack 5 - MCP1,Part2 (2nd x8/3rd x4),0,0,0,0
Socket0,IIO Stack 5 - MCP1,Part3 (4th x4),0,0,0,0
Socket1,IIO Stack 0 - CBDMA/DMI,Part0 (1st x16/x8/x4),0,0,0,0,0,0,0,0,0,0,0
Socket1,IIO Stack 0 - CBDMA/DMI,Part1 (2nd x4),0,0,0,0
Socket1,IIO Stack 0 - CBDMA/DMI,Part2 (2nd x8/3rd x4),0,0,0,0
Socket1,IIO Stack 0 - CBDMA/DMI,Part3 (4th x4),0,0,0,0
Socket1,IIO Stack 1 - PCIe0,Part0 (1st x16/x8/x4),0,0,0,0,0,0,0,0,0,0,0
Socket1,IIO Stack 1 - PCIe0,Part1 (2nd x4),0,0,0,0
Socket1,IIO Stack 1 - PCIe0,Part2 (2nd x8/3rd x4),0,0,0,0
Socket1,IIO Stack 1 - PCIe0,Part3 (4th x4),0,0,0,0
Socket1,IIO Stack 2 - PCIe1,Part0 (1st x16/x8/x4),0,0,0,0,0,0,0,0,0,0,0
Socket1,IIO Stack 2 - PCIe1,Part1 (2nd x4),0,0,0,0
Socket1,IIO Stack 2 - PCIe1,Part2 (2nd x8/3rd x4),0,0,0,0
Socket1,IIO Stack 2 - PCIe1,Part3 (4th x4),0,0,0,0
Socket1,IIO Stack 3 - PCIe2,Part0 (1st x16/x8/x4),0,0,0,0,0,0,0,0,0,0,0
Socket1,IIO Stack 3 - PCIe2,Part1 (2nd x4),0,0,0,0
Socket1,IIO Stack 3 - PCIe2,Part2 (2nd x8/3rd x4),0,0,0,0
Socket1,IIO Stack 3 - PCIe2,Part3 (4th x4),0,0,0,0
Socket1,IIO Stack 4 - MCP0,Part0 (1st x16/x8/x4),0,0,0,0,0,0,0,0,0,0,0
Socket1,IIO Stack 4 - MCP0,Part1 (2nd x4),0,0,0,0
Socket1,IIO Stack 4 - MCP0,Part2 (2nd x8/3rd x4),0,0,0,0
Socket1,IIO Stack 4 - MCP0,Part3 (4th x4),0,0,0,0
Socket1,IIO Stack 5 - MCP1,Part0 (1st x16/x8/x4),0,0,0,0,0,0,0,0,0,0,0
Socket1,IIO Stack 5 - MCP1,Part1 (2nd x4),0,0,0,0
Socket1,IIO Stack 5 - MCP1,Part2 (2nd x8/3rd x4),0,0,0,0
Socket1,IIO Stack 5 - MCP1,Part3 (4th x4),0,0,0,0
Socket2,IIO Stack 0 - CBDMA/DMI,Part0 (1st x16/x8/x4),0,0,0,0,0,0,0,0,0,0,0
Socket2,IIO Stack 0 - CBDMA/DMI,Part1 (2nd x4),0,0,0,0
Socket2,IIO Stack 0 - CBDMA/DMI,Part2 (2nd x8/3rd x4),0,0,0,0
Socket2,IIO Stack 0 - CBDMA/DMI,Part3 (4th x4),0,0,0,0
Socket2,IIO Stack 1 - PCIe0,Part0 (1st x16/x8/x4),0,0,0,0,0,0,0,0,0,0,0
Socket2,IIO Stack 1 - PCIe0,Part1 (2nd x4),0,0,0,0
Socket2,IIO Stack 1 - PCIe0,Part2 (2nd x8/3rd x4),0,0,0,0
Socket2,IIO Stack 1 - PCIe0,Part3 (4th x4),0,0,0,0
Socket2,IIO Stack 2 - PCIe1,Part0 (1st x16/x8/x4),0,0,0,0,0,0,0,0,0,0,0
Socket2,IIO Stack 2 - PCIe1,Part1 (2nd x4),0,0,0,0
Socket2,IIO Stack 2 - PCIe1,Part2 (2nd x8/3rd x4),0,0,0,0
Socket2,IIO Stack 2 - PCIe1,Part3 (4th x4),0,0,0,0
Socket2,IIO Stack 3 - PCIe2,Part0 (1st x16/x8/x4),0,0,0,0,0,0,0,0,0,0,0
Socket2,IIO Stack 3 - PCIe2,Part1 (2nd x4),0,0,0,0
Socket2,IIO Stack 3 - PCIe2,Part2 (2nd x8/3rd x4),0,0,0,0
Socket2,IIO Stack 3 - PCIe2,Part3 (4th x4),0,0,0,0
Socket2,IIO Stack 4 - MCP0,Part0 (1st x16/x8/x4),0,0,0,0,0,0,0,0,0,0,0
Socket2,IIO Stack 4 - MCP0,Part1 (2nd x4),0,0,0,0
Socket2,IIO Stack 4 - MCP0,Part2 (2nd x8/3rd x4),0,0,0,0
Socket2,IIO Stack 4 - MCP0,Part3 (4th x4),0,0,0,0
Socket2,IIO Stack 5 - MCP1,Part0 (1st x16/x8/x4),0,0,0,0,0,0,0,0,0,0,0
Socket2,IIO Stack 5 - MCP1,Part1 (2nd x4),0,0,0,0
Socket2,IIO Stack 5 - MCP1,Part2 (2nd x8/3rd x4),0,0,0,0
Socket2,IIO Stack 5 - MCP1,Part3 (4th x4),0,0,0,0
Socket3,IIO Stack 0 - CBDMA/DMI,Part0 (1st x16/x8/x4),0,0,0,0,0,0,0,0,0,0,0
Socket3,IIO Stack 0 - CBDMA/DMI,Part1 (2nd x4),0,0,0,0
Socket3,IIO Stack 0 - CBDMA/DMI,Part2 (2nd x8/3rd x4),0,0,0,0
Socket3,IIO Stack 0 - CBDMA/DMI,Part3 (4th x4),0,0,0,0
Socket3,IIO Stack 1 - PCIe0,Part0 (1st x16/x8/x4),0,0,0,0,0,0,0,0,0,0,0
Socket3,IIO Stack 1 - PCIe0,Part1 (2nd x4),0,0,0,0
Socket3,IIO Stack 1 - PCIe0,Part2 (2nd x8/3rd x4),0,0,0,0
Socket3,IIO Stack 1 - PCIe0,Part3 (4th x4),0,0,0,0
Socket3,IIO Stack 2 - PCIe1,Part0 (1st x16/x8/x4),0,0,0,0,0,0,0,0,0,0,0
Socket3,IIO Stack 2 - PCIe1,Part1 (2nd x4),0,0,0,0
Socket3,IIO Stack 2 - PCIe1,Part2 (2nd x8/3rd x4),0,0,0,0
Socket3,IIO Stack 2 - PCIe1,Part3 (4th x4),0,0,0,0
Socket3,IIO Stack 3 - PCIe2,Part0 (1st x16/x8/x4),0,0,0,0,0,0,0,0,0,0,0
Socket3,IIO Stack 3 - PCIe2,Part1 (2nd x4),0,0,0,0
Socket3,IIO Stack 3 - PCIe2,Part2 (2nd x8/3rd x4),0,0,0,0
Socket3,IIO Stack 3 - PCIe2,Part3 (4th x4),0,0,0,0
Socket3,IIO Stack 4 - MCP0,Part0 (1st x16/x8/x4),0,0,0,0,0,0,0,0,0,0,0
Socket3,IIO Stack 4 - MCP0,Part1 (2nd x4),0,0,0,0
Socket3,IIO Stack 4 - MCP0,Part2 (2nd x8/3rd x4),0,0,0,0
Socket3,IIO Stack 4 - MCP0,Part3 (4th x4),0,0,0,0
Socket3,IIO Stack 5 - MCP1,Part0 (1st x16/x8/x4),0,0,0,0,0,0,0,0,0,0,0
Socket3,IIO Stack 5 - MCP1,Part1 (2nd x4),0,0,0,0
Socket3,IIO Stack 5 - MCP1,Part2 (2nd x8/3rd x4),0,0,0,0
Socket3,IIO Stack 5 - MCP1,Part3 (4th x4),0,0,0,0
